##SubmitTime	HumanSubmitTime	JobID;JobState;JobName	AllocNode;AllocNodePartition;RunNode;RunNodePartition	QueueTime;RunTime;Q+R;TimeLimit	AvgCPU;MaxCPU;CPULimit	AvgMEM;MaxMEM;MEMLimit	Partition;QOS	Username;Group;Account	Workdir	StdOut	StdErr
1616622288	Wed_Mar_24_17:44:48_EDT_2021	11285152;COMPLETED;cutadapt.sample=G_INPUT-293T-NT	cn4487;ccr;cn2426;ccr	00:03:10;00:25:27;00:28:37;1-00:00:00	56;61;56	122880;1571;122880	ccr;ccrcore	kopardevn;CCBR;goldsted	/gpfs/gsfs12/users/Ziegelbauer_lab/circRNADetection/circRNA_daq_v0.4.2/samples_16	/gpfs/gsfs12/users/Ziegelbauer_lab/circRNADetection/circRNA_daq_v0.4.2/samples_16/logs/11284991.11285152.cutadapt.sample=G_INPUT-293T-NT.out	/gpfs/gsfs12/users/Ziegelbauer_lab/circRNADetection/circRNA_daq_v0.4.2/samples_16/logs/11284991.11285152.cutadapt.sample=G_INPUT-293T-NT.err
1616622290	Wed_Mar_24_17:44:50_EDT_2021	11285219;COMPLETED;cutadapt.sample=G_293T-T	cn4487;ccr;cn2411;ccr	00:21:52;00:22:43;00:44:35;1-00:00:00	56;62;56	122880;1444;122880	ccr;ccrcore	kopardevn;CCBR;goldsted	/gpfs/gsfs12/users/Ziegelbauer_lab/circRNADetection/circRNA_daq_v0.4.2/samples_16	/gpfs/gsfs12/users/Ziegelbauer_lab/circRNADetection/circRNA_daq_v0.4.2/samples_16/logs/11284991.11285219.cutadapt.sample=G_293T-T.out	/gpfs/gsfs12/users/Ziegelbauer_lab/circRNADetection/circRNA_daq_v0.4.2/samples_16/logs/11284991.11285219.cutadapt.sample=G_293T-T.err
1616622293	Wed_Mar_24_17:44:53_EDT_2021	11285242;COMPLETED;cutadapt.sample=G_iSLK-R	cn4487;ccr;cn2413;ccr	00:21:49;00:33:45;00:55:34;1-00:00:00	56;61;56	122880;1551;122880	ccr;ccrcore	kopardevn;CCBR;goldsted	/gpfs/gsfs12/users/Ziegelbauer_lab/circRNADetection/circRNA_daq_v0.4.2/samples_16	/gpfs/gsfs12/users/Ziegelbauer_lab/circRNADetection/circRNA_daq_v0.4.2/samples_16/logs/11284991.11285242.cutadapt.sample=G_iSLK-R.out	/gpfs/gsfs12/users/Ziegelbauer_lab/circRNADetection/circRNA_daq_v0.4.2/samples_16/logs/11284991.11285242.cutadapt.sample=G_iSLK-R.err
1616622295	Wed_Mar_24_17:44:55_EDT_2021	11285257;COMPLETED;cutadapt.sample=G_INPUT-iSLK-UR	cn4487;ccr;cn2427;ccr	00:21:47;00:20:33;00:42:20;1-00:00:00	56;63;56	122880;1574;122880	ccr;ccrcore	kopardevn;CCBR;goldsted	/gpfs/gsfs12/users/Ziegelbauer_lab/circRNADetection/circRNA_daq_v0.4.2/samples_16	/gpfs/gsfs12/users/Ziegelbauer_lab/circRNADetection/circRNA_daq_v0.4.2/samples_16/logs/11284991.11285257.cutadapt.sample=G_INPUT-iSLK-UR.out	/gpfs/gsfs12/users/Ziegelbauer_lab/circRNADetection/circRNA_daq_v0.4.2/samples_16/logs/11284991.11285257.cutadapt.sample=G_INPUT-iSLK-UR.err
1616622297	Wed_Mar_24_17:44:57_EDT_2021	11285258;COMPLETED;cutadapt.sample=G_INPUT-293T-T	cn4487;ccr;cn2423;ccr	00:21:45;00:20:57;00:42:42;1-00:00:00	56;60;56	122880;1502;122880	ccr;ccrcore	kopardevn;CCBR;goldsted	/gpfs/gsfs12/users/Ziegelbauer_lab/circRNADetection/circRNA_daq_v0.4.2/samples_16	/gpfs/gsfs12/users/Ziegelbauer_lab/circRNADetection/circRNA_daq_v0.4.2/samples_16/logs/11284991.11285258.cutadapt.sample=G_INPUT-293T-T.out	/gpfs/gsfs12/users/Ziegelbauer_lab/circRNADetection/circRNA_daq_v0.4.2/samples_16/logs/11284991.11285258.cutadapt.sample=G_INPUT-293T-T.err
1616622298	Wed_Mar_24_17:44:58_EDT_2021	11285260;COMPLETED;cutadapt.sample=G_INPUT-iSLK-R	cn4487;ccr;cn2424;ccr	00:21:44;00:27:14;00:48:58;1-00:00:00	56;62;56	122880;1536;122880	ccr;ccrcore	kopardevn;CCBR;goldsted	/gpfs/gsfs12/users/Ziegelbauer_lab/circRNADetection/circRNA_daq_v0.4.2/samples_16	/gpfs/gsfs12/users/Ziegelbauer_lab/circRNADetection/circRNA_daq_v0.4.2/samples_16/logs/11284991.11285260.cutadapt.sample=G_INPUT-iSLK-R.out	/gpfs/gsfs12/users/Ziegelbauer_lab/circRNADetection/circRNA_daq_v0.4.2/samples_16/logs/11284991.11285260.cutadapt.sample=G_INPUT-iSLK-R.err
1616622299	Wed_Mar_24_17:44:59_EDT_2021	11285262;COMPLETED;cutadapt.sample=G_iSLK-UR	cn4487;ccr;cn2422;ccr	00:24:37;00:18:53;00:43:30;1-00:00:00	56;62;56	122880;1389;122880	ccr;ccrcore	kopardevn;CCBR;goldsted	/gpfs/gsfs12/users/Ziegelbauer_lab/circRNADetection/circRNA_daq_v0.4.2/samples_16	/gpfs/gsfs12/users/Ziegelbauer_lab/circRNADetection/circRNA_daq_v0.4.2/samples_16/logs/11284991.11285262.cutadapt.sample=G_iSLK-UR.out	/gpfs/gsfs12/users/Ziegelbauer_lab/circRNADetection/circRNA_daq_v0.4.2/samples_16/logs/11284991.11285262.cutadapt.sample=G_iSLK-UR.err
1616622301	Wed_Mar_24_17:45:01_EDT_2021	11285264;COMPLETED;cutadapt.sample=G_293t-NT	cn4487;ccr;cn2418;ccr	00:26:58;00:32:17;00:59:15;1-00:00:00	56;62;56	122880;1400;122880	ccr;ccrcore	kopardevn;CCBR;goldsted	/gpfs/gsfs12/users/Ziegelbauer_lab/circRNADetection/circRNA_daq_v0.4.2/samples_16	/gpfs/gsfs12/users/Ziegelbauer_lab/circRNADetection/circRNA_daq_v0.4.2/samples_16/logs/11284991.11285264.cutadapt.sample=G_293t-NT.out	/gpfs/gsfs12/users/Ziegelbauer_lab/circRNADetection/circRNA_daq_v0.4.2/samples_16/logs/11284991.11285264.cutadapt.sample=G_293t-NT.err
1616624006	Wed_Mar_24_18:13:26_EDT_2021	11287594;COMPLETED;star1p.sample=G_INPUT-293T-NT	cn4487;ccr;cn2420;ccr	00:29:12;00:08:24;00:37:36;1-00:00:00	56;57;56	204800;38495;204800	ccr;ccrcore	kopardevn;CCBR;goldsted	/gpfs/gsfs12/users/Ziegelbauer_lab/circRNADetection/circRNA_daq_v0.4.2/samples_16	/gpfs/gsfs12/users/Ziegelbauer_lab/circRNADetection/circRNA_daq_v0.4.2/samples_16/logs/11284991.11287594.star1p.sample=G_INPUT-293T-NT.out	/gpfs/gsfs12/users/Ziegelbauer_lab/circRNADetection/circRNA_daq_v0.4.2/samples_16/logs/11284991.11287594.star1p.sample=G_INPUT-293T-NT.err
1616624008	Wed_Mar_24_18:13:28_EDT_2021	11287595;COMPLETED;ciri.sample=G_INPUT-293T-NT	cn4487;ccr;cn4256;largemem	00:02:17;00:32:31;00:34:48;1-00:00:00	56;57;56	524288;224857;524288	largemem;global	kopardevn;CCBR;goldsted	/gpfs/gsfs12/users/Ziegelbauer_lab/circRNADetection/circRNA_daq_v0.4.2/samples_16	/gpfs/gsfs12/users/Ziegelbauer_lab/circRNADetection/circRNA_daq_v0.4.2/samples_16/logs/11284991.11287595.ciri.sample=G_INPUT-293T-NT.out	/gpfs/gsfs12/users/Ziegelbauer_lab/circRNADetection/circRNA_daq_v0.4.2/samples_16/logs/11284991.11287595.ciri.sample=G_INPUT-293T-NT.err
1616624009	Wed_Mar_24_18:13:29_EDT_2021	11287596;COMPLETED;fastqc.sample=G_INPUT-293T-NT	cn4487;ccr;cn2411;ccr	00:02:08;00:12:00;00:14:08;1-00:00:00	16;2;16	40960;1532;40960	ccr;ccrcore	kopardevn;CCBR;goldsted	/gpfs/gsfs12/users/Ziegelbauer_lab/circRNADetection/circRNA_daq_v0.4.2/samples_16	/gpfs/gsfs12/users/Ziegelbauer_lab/circRNADetection/circRNA_daq_v0.4.2/samples_16/logs/11284991.11287596.fastqc.sample=G_INPUT-293T-NT.out	/gpfs/gsfs12/users/Ziegelbauer_lab/circRNADetection/circRNA_daq_v0.4.2/samples_16/logs/11284991.11287596.fastqc.sample=G_INPUT-293T-NT.err
1616624842	Wed_Mar_24_18:27:22_EDT_2021	11288435;COMPLETED;fastqc.sample=G_INPUT-iSLK-UR	cn4487;ccr;cn2400;ccr	00:01:27;00:09:16;00:10:43;1-00:00:00	16;2;16	40960;1509;40960	ccr;ccrcore	kopardevn;CCBR;goldsted	/gpfs/gsfs12/users/Ziegelbauer_lab/circRNADetection/circRNA_daq_v0.4.2/samples_16	/gpfs/gsfs12/users/Ziegelbauer_lab/circRNADetection/circRNA_daq_v0.4.2/samples_16/logs/11284991.11288435.fastqc.sample=G_INPUT-iSLK-UR.out	/gpfs/gsfs12/users/Ziegelbauer_lab/circRNADetection/circRNA_daq_v0.4.2/samples_16/logs/11284991.11288435.fastqc.sample=G_INPUT-iSLK-UR.err
1616624844	Wed_Mar_24_18:27:24_EDT_2021	11288436;COMPLETED;ciri.sample=G_INPUT-iSLK-UR	cn4487;ccr;cn4245;largemem	00:01:31;00:25:50;00:27:21;1-00:00:00	56;57;56	524288;222715;524288	largemem;global	kopardevn;CCBR;goldsted	/gpfs/gsfs12/users/Ziegelbauer_lab/circRNADetection/circRNA_daq_v0.4.2/samples_16	/gpfs/gsfs12/users/Ziegelbauer_lab/circRNADetection/circRNA_daq_v0.4.2/samples_16/logs/11284991.11288436.ciri.sample=G_INPUT-iSLK-UR.out	/gpfs/gsfs12/users/Ziegelbauer_lab/circRNADetection/circRNA_daq_v0.4.2/samples_16/logs/11284991.11288436.ciri.sample=G_INPUT-iSLK-UR.err
1616624845	Wed_Mar_24_18:27:25_EDT_2021	11288437;COMPLETED;star1p.sample=G_INPUT-iSLK-UR	cn4487;ccr;cn2400;ccr	00:26:14;00:07:31;00:33:45;1-00:00:00	56;56;56	204800;38483;204800	ccr;ccrcore	kopardevn;CCBR;goldsted	/gpfs/gsfs12/users/Ziegelbauer_lab/circRNADetection/circRNA_daq_v0.4.2/samples_16	/gpfs/gsfs12/users/Ziegelbauer_lab/circRNADetection/circRNA_daq_v0.4.2/samples_16/logs/11284991.11288437.star1p.sample=G_INPUT-iSLK-UR.out	/gpfs/gsfs12/users/Ziegelbauer_lab/circRNADetection/circRNA_daq_v0.4.2/samples_16/logs/11284991.11288437.star1p.sample=G_INPUT-iSLK-UR.err
1616624864	Wed_Mar_24_18:27:44_EDT_2021	11288438;COMPLETED;fastqc.sample=G_INPUT-293T-T	cn4487;ccr;cn2415;ccr	00:01:05;00:09:00;00:10:05;1-00:00:00	16;2;16	40960;1365;40960	ccr;ccrcore	kopardevn;CCBR;goldsted	/gpfs/gsfs12/users/Ziegelbauer_lab/circRNADetection/circRNA_daq_v0.4.2/samples_16	/gpfs/gsfs12/users/Ziegelbauer_lab/circRNADetection/circRNA_daq_v0.4.2/samples_16/logs/11284991.11288438.fastqc.sample=G_INPUT-293T-T.out	/gpfs/gsfs12/users/Ziegelbauer_lab/circRNADetection/circRNA_daq_v0.4.2/samples_16/logs/11284991.11288438.fastqc.sample=G_INPUT-293T-T.err
1616624865	Wed_Mar_24_18:27:45_EDT_2021	11288439;COMPLETED;ciri.sample=G_INPUT-293T-T	cn4487;ccr;cn4256;largemem	00:01:10;00:27:00;00:28:10;1-00:00:00	56;57;56	524288;222030;524288	largemem;global	kopardevn;CCBR;goldsted	/gpfs/gsfs12/users/Ziegelbauer_lab/circRNADetection/circRNA_daq_v0.4.2/samples_16	/gpfs/gsfs12/users/Ziegelbauer_lab/circRNADetection/circRNA_daq_v0.4.2/samples_16/logs/11284991.11288439.ciri.sample=G_INPUT-293T-T.out	/gpfs/gsfs12/users/Ziegelbauer_lab/circRNADetection/circRNA_daq_v0.4.2/samples_16/logs/11284991.11288439.ciri.sample=G_INPUT-293T-T.err
1616624867	Wed_Mar_24_18:27:47_EDT_2021	11288440;COMPLETED;star1p.sample=G_INPUT-293T-T	cn4487;ccr;cn2402;ccr	00:25:52;00:07:28;00:33:20;1-00:00:00	56;56;56	204800;38494;204800	ccr;ccrcore	kopardevn;CCBR;goldsted	/gpfs/gsfs12/users/Ziegelbauer_lab/circRNADetection/circRNA_daq_v0.4.2/samples_16	/gpfs/gsfs12/users/Ziegelbauer_lab/circRNADetection/circRNA_daq_v0.4.2/samples_16/logs/11284991.11288440.star1p.sample=G_INPUT-293T-T.out	/gpfs/gsfs12/users/Ziegelbauer_lab/circRNADetection/circRNA_daq_v0.4.2/samples_16/logs/11284991.11288440.star1p.sample=G_INPUT-293T-T.err
1616624919	Wed_Mar_24_18:28:39_EDT_2021	11288444;COMPLETED;fastqc.sample=G_iSLK-UR	cn4487;ccr;cn2420;ccr	00:00:10;00:08:04;00:08:14;1-00:00:00	16;2;16	40960;1502;40960	ccr;ccrcore	kopardevn;CCBR;goldsted	/gpfs/gsfs12/users/Ziegelbauer_lab/circRNADetection/circRNA_daq_v0.4.2/samples_16	/gpfs/gsfs12/users/Ziegelbauer_lab/circRNADetection/circRNA_daq_v0.4.2/samples_16/logs/11284991.11288444.fastqc.sample=G_iSLK-UR.out	/gpfs/gsfs12/users/Ziegelbauer_lab/circRNADetection/circRNA_daq_v0.4.2/samples_16/logs/11284991.11288444.fastqc.sample=G_iSLK-UR.err
1616624921	Wed_Mar_24_18:28:41_EDT_2021	11288445;COMPLETED;star1p.sample=G_iSLK-UR	cn4487;ccr;cn2404;ccr	00:24:58;00:06:59;00:31:57;1-00:00:00	56;57;56	204800;38503;204800	ccr;ccrcore	kopardevn;CCBR;goldsted	/gpfs/gsfs12/users/Ziegelbauer_lab/circRNADetection/circRNA_daq_v0.4.2/samples_16	/gpfs/gsfs12/users/Ziegelbauer_lab/circRNADetection/circRNA_daq_v0.4.2/samples_16/logs/11284991.11288445.star1p.sample=G_iSLK-UR.out	/gpfs/gsfs12/users/Ziegelbauer_lab/circRNADetection/circRNA_daq_v0.4.2/samples_16/logs/11284991.11288445.star1p.sample=G_iSLK-UR.err
1616624922	Wed_Mar_24_18:28:42_EDT_2021	11288446;COMPLETED;ciri.sample=G_iSLK-UR	cn4487;ccr;cn4257;largemem	00:00:13;00:31:03;00:31:16;1-00:00:00	56;57;56	524288;223131;524288	largemem;global	kopardevn;CCBR;goldsted	/gpfs/gsfs12/users/Ziegelbauer_lab/circRNADetection/circRNA_daq_v0.4.2/samples_16	/gpfs/gsfs12/users/Ziegelbauer_lab/circRNADetection/circRNA_daq_v0.4.2/samples_16/logs/11284991.11288446.ciri.sample=G_iSLK-UR.out	/gpfs/gsfs12/users/Ziegelbauer_lab/circRNADetection/circRNA_daq_v0.4.2/samples_16/logs/11284991.11288446.ciri.sample=G_iSLK-UR.err
1616624974	Wed_Mar_24_18:29:34_EDT_2021	11288669;COMPLETED;star1p.sample=G_293T-T	cn4487;ccr;cn2420;ccr	00:24:05;00:07:31;00:31:36;1-00:00:00	56;56;56	204800;38550;204800	ccr;ccrcore	kopardevn;CCBR;goldsted	/gpfs/gsfs12/users/Ziegelbauer_lab/circRNADetection/circRNA_daq_v0.4.2/samples_16	/gpfs/gsfs12/users/Ziegelbauer_lab/circRNADetection/circRNA_daq_v0.4.2/samples_16/logs/11284991.11288669.star1p.sample=G_293T-T.out	/gpfs/gsfs12/users/Ziegelbauer_lab/circRNADetection/circRNA_daq_v0.4.2/samples_16/logs/11284991.11288669.star1p.sample=G_293T-T.err
1616624976	Wed_Mar_24_18:29:36_EDT_2021	11288671;COMPLETED;ciri.sample=G_293T-T	cn4487;ccr;cn4257;largemem	00:01:11;00:37:02;00:38:13;1-00:00:00	56;57;56	524288;223167;524288	largemem;global	kopardevn;CCBR;goldsted	/gpfs/gsfs12/users/Ziegelbauer_lab/circRNADetection/circRNA_daq_v0.4.2/samples_16	/gpfs/gsfs12/users/Ziegelbauer_lab/circRNADetection/circRNA_daq_v0.4.2/samples_16/logs/11284991.11288671.ciri.sample=G_293T-T.out	/gpfs/gsfs12/users/Ziegelbauer_lab/circRNADetection/circRNA_daq_v0.4.2/samples_16/logs/11284991.11288671.ciri.sample=G_293T-T.err
1616624977	Wed_Mar_24_18:29:37_EDT_2021	11288672;COMPLETED;fastqc.sample=G_293T-T	cn4487;ccr;cn2423;ccr	00:01:04;00:09:44;00:10:48;1-00:00:00	16;2;16	40960;1178;40960	ccr;ccrcore	kopardevn;CCBR;goldsted	/gpfs/gsfs12/users/Ziegelbauer_lab/circRNADetection/circRNA_daq_v0.4.2/samples_16	/gpfs/gsfs12/users/Ziegelbauer_lab/circRNADetection/circRNA_daq_v0.4.2/samples_16/logs/11284991.11288672.fastqc.sample=G_293T-T.out	/gpfs/gsfs12/users/Ziegelbauer_lab/circRNADetection/circRNA_daq_v0.4.2/samples_16/logs/11284991.11288672.fastqc.sample=G_293T-T.err
1616625239	Wed_Mar_24_18:33:59_EDT_2021	11289106;COMPLETED;ciri.sample=G_INPUT-iSLK-R	cn4487;ccr;cn4258;largemem	00:01:07;00:30:52;00:31:59;1-00:00:00	56;57;56	524288;224103;524288	largemem;global	kopardevn;CCBR;goldsted	/gpfs/gsfs12/users/Ziegelbauer_lab/circRNADetection/circRNA_daq_v0.4.2/samples_16	/gpfs/gsfs12/users/Ziegelbauer_lab/circRNADetection/circRNA_daq_v0.4.2/samples_16/logs/11284991.11289106.ciri.sample=G_INPUT-iSLK-R.out	/gpfs/gsfs12/users/Ziegelbauer_lab/circRNADetection/circRNA_daq_v0.4.2/samples_16/logs/11284991.11289106.ciri.sample=G_INPUT-iSLK-R.err
1616625240	Wed_Mar_24_18:34:00_EDT_2021	11289107;COMPLETED;fastqc.sample=G_INPUT-iSLK-R	cn4487;ccr;cn2278;ccr	00:00:58;00:14:37;00:15:35;1-00:00:00	16;2;16	40960;1522;40960	ccr;ccrcore	kopardevn;CCBR;goldsted	/gpfs/gsfs12/users/Ziegelbauer_lab/circRNADetection/circRNA_daq_v0.4.2/samples_16	/gpfs/gsfs12/users/Ziegelbauer_lab/circRNADetection/circRNA_daq_v0.4.2/samples_16/logs/11284991.11289107.fastqc.sample=G_INPUT-iSLK-R.out	/gpfs/gsfs12/users/Ziegelbauer_lab/circRNADetection/circRNA_daq_v0.4.2/samples_16/logs/11284991.11289107.fastqc.sample=G_INPUT-iSLK-R.err
1616625241	Wed_Mar_24_18:34:01_EDT_2021	11289108;COMPLETED;star1p.sample=G_INPUT-iSLK-R	cn4487;ccr;cn2428;ccr	00:19:38;00:08:52;00:28:30;1-00:00:00	56;56;56	204800;38469;204800	ccr;ccrcore	kopardevn;CCBR;goldsted	/gpfs/gsfs12/users/Ziegelbauer_lab/circRNADetection/circRNA_daq_v0.4.2/samples_16	/gpfs/gsfs12/users/Ziegelbauer_lab/circRNADetection/circRNA_daq_v0.4.2/samples_16/logs/11284991.11289108.star1p.sample=G_INPUT-iSLK-R.out	/gpfs/gsfs12/users/Ziegelbauer_lab/circRNADetection/circRNA_daq_v0.4.2/samples_16/logs/11284991.11289108.star1p.sample=G_INPUT-iSLK-R.err
1616625635	Wed_Mar_24_18:40:35_EDT_2021	11290772;COMPLETED;fastqc.sample=G_iSLK-R	cn4487;ccr;cn2400;ccr	00:00:36;00:13:25;00:14:01;1-00:00:00	16;3;16	40960;1510;40960	ccr;ccrcore	kopardevn;CCBR;goldsted	/gpfs/gsfs12/users/Ziegelbauer_lab/circRNADetection/circRNA_daq_v0.4.2/samples_16	/gpfs/gsfs12/users/Ziegelbauer_lab/circRNADetection/circRNA_daq_v0.4.2/samples_16/logs/11284991.11290772.fastqc.sample=G_iSLK-R.out	/gpfs/gsfs12/users/Ziegelbauer_lab/circRNADetection/circRNA_daq_v0.4.2/samples_16/logs/11284991.11290772.fastqc.sample=G_iSLK-R.err
1616625637	Wed_Mar_24_18:40:37_EDT_2021	11290773;COMPLETED;star1p.sample=G_iSLK-R	cn4487;ccr;cn4511;ccr	00:13:02;00:11:36;00:24:38;1-00:00:00	56;56;56	204800;38524;204800	ccr;ccrcore	kopardevn;CCBR;goldsted	/gpfs/gsfs12/users/Ziegelbauer_lab/circRNADetection/circRNA_daq_v0.4.2/samples_16	/gpfs/gsfs12/users/Ziegelbauer_lab/circRNADetection/circRNA_daq_v0.4.2/samples_16/logs/11284991.11290773.star1p.sample=G_iSLK-R.out	/gpfs/gsfs12/users/Ziegelbauer_lab/circRNADetection/circRNA_daq_v0.4.2/samples_16/logs/11284991.11290773.star1p.sample=G_iSLK-R.err
1616625638	Wed_Mar_24_18:40:38_EDT_2021	11290775;COMPLETED;ciri.sample=G_iSLK-R	cn4487;ccr;cn4258;largemem	00:00:45;00:39:44;00:40:29;1-00:00:00	56;57;56	524288;226013;524288	largemem;global	kopardevn;CCBR;goldsted	/gpfs/gsfs12/users/Ziegelbauer_lab/circRNADetection/circRNA_daq_v0.4.2/samples_16	/gpfs/gsfs12/users/Ziegelbauer_lab/circRNADetection/circRNA_daq_v0.4.2/samples_16/logs/11284991.11290775.ciri.sample=G_iSLK-R.out	/gpfs/gsfs12/users/Ziegelbauer_lab/circRNADetection/circRNA_daq_v0.4.2/samples_16/logs/11284991.11290775.ciri.sample=G_iSLK-R.err
1616625867	Wed_Mar_24_18:44:27_EDT_2021	11292002;COMPLETED;star1p.sample=G_293t-NT	cn4487;ccr;cn2404;ccr	00:25:36;00:08:39;00:34:15;1-00:00:00	56;56;56	204800;38549;204800	ccr;ccrcore	kopardevn;CCBR;goldsted	/gpfs/gsfs12/users/Ziegelbauer_lab/circRNADetection/circRNA_daq_v0.4.2/samples_16	/gpfs/gsfs12/users/Ziegelbauer_lab/circRNADetection/circRNA_daq_v0.4.2/samples_16/logs/11284991.11292002.star1p.sample=G_293t-NT.out	/gpfs/gsfs12/users/Ziegelbauer_lab/circRNADetection/circRNA_daq_v0.4.2/samples_16/logs/11284991.11292002.star1p.sample=G_293t-NT.err
1616625868	Wed_Mar_24_18:44:28_EDT_2021	11292003;COMPLETED;ciri.sample=G_293t-NT	cn4487;ccr;cn4256;largemem	00:09:29;00:34:13;00:43:42;1-00:00:00	56;57;56	524288;226210;524288	largemem;global	kopardevn;CCBR;goldsted	/gpfs/gsfs12/users/Ziegelbauer_lab/circRNADetection/circRNA_daq_v0.4.2/samples_16	/gpfs/gsfs12/users/Ziegelbauer_lab/circRNADetection/circRNA_daq_v0.4.2/samples_16/logs/11284991.11292003.ciri.sample=G_293t-NT.out	/gpfs/gsfs12/users/Ziegelbauer_lab/circRNADetection/circRNA_daq_v0.4.2/samples_16/logs/11284991.11292003.ciri.sample=G_293t-NT.err
1616625869	Wed_Mar_24_18:44:29_EDT_2021	11292004;COMPLETED;fastqc.sample=G_293t-NT	cn4487;ccr;cn2298;ccr	00:09:11;00:16:51;00:26:02;1-00:00:00	16;2;16	40960;1501;40960	ccr;ccrcore	kopardevn;CCBR;goldsted	/gpfs/gsfs12/users/Ziegelbauer_lab/circRNADetection/circRNA_daq_v0.4.2/samples_16	/gpfs/gsfs12/users/Ziegelbauer_lab/circRNADetection/circRNA_daq_v0.4.2/samples_16/logs/11284991.11292004.fastqc.sample=G_293t-NT.out	/gpfs/gsfs12/users/Ziegelbauer_lab/circRNADetection/circRNA_daq_v0.4.2/samples_16/logs/11284991.11292004.fastqc.sample=G_293t-NT.err
1616627932	Wed_Mar_24_19:18:52_EDT_2021	11294722;COMPLETED;merge_SJ_tabs.	cn4487;ccr;cn2429;ccr	00:00:18;00:00:19;00:00:37;04:00:00	2;;2	20480;;20480	ccr;ccrcore	kopardevn;CCBR;goldsted	/gpfs/gsfs12/users/Ziegelbauer_lab/circRNADetection/circRNA_daq_v0.4.2/samples_16	/gpfs/gsfs12/users/Ziegelbauer_lab/circRNADetection/circRNA_daq_v0.4.2/samples_16/logs/11284991.11294722.merge_SJ_tabs..out	/gpfs/gsfs12/users/Ziegelbauer_lab/circRNADetection/circRNA_daq_v0.4.2/samples_16/logs/11284991.11294722.merge_SJ_tabs..err
1616627973	Wed_Mar_24_19:19:33_EDT_2021	11295006;COMPLETED;star2p.sample=G_iSLK-UR	cn4487;ccr;cn4245;largemem	00:02:40;00:10:53;00:13:33;4-00:00:00	56;56;56	524288;41233;524288	largemem;global	kopardevn;CCBR;goldsted	/gpfs/gsfs12/users/Ziegelbauer_lab/circRNADetection/circRNA_daq_v0.4.2/samples_16	/gpfs/gsfs12/users/Ziegelbauer_lab/circRNADetection/circRNA_daq_v0.4.2/samples_16/logs/11284991.11295006.star2p.sample=G_iSLK-UR.out	/gpfs/gsfs12/users/Ziegelbauer_lab/circRNADetection/circRNA_daq_v0.4.2/samples_16/logs/11284991.11295006.star2p.sample=G_iSLK-UR.err
1616627974	Wed_Mar_24_19:19:34_EDT_2021	11295008;COMPLETED;star2p.sample=G_INPUT-293T-NT	cn4487;ccr;cn4251;largemem	00:02:39;00:16:08;00:18:47;4-00:00:00	56;56;56	524288;41286;524288	largemem;global	kopardevn;CCBR;goldsted	/gpfs/gsfs12/users/Ziegelbauer_lab/circRNADetection/circRNA_daq_v0.4.2/samples_16	/gpfs/gsfs12/users/Ziegelbauer_lab/circRNADetection/circRNA_daq_v0.4.2/samples_16/logs/11284991.11295008.star2p.sample=G_INPUT-293T-NT.out	/gpfs/gsfs12/users/Ziegelbauer_lab/circRNADetection/circRNA_daq_v0.4.2/samples_16/logs/11284991.11295008.star2p.sample=G_INPUT-293T-NT.err
1616627975	Wed_Mar_24_19:19:35_EDT_2021	11295010;COMPLETED;star2p.sample=G_INPUT-iSLK-R	cn4487;ccr;cn4251;largemem	00:02:38;00:13:27;00:16:05;4-00:00:00	56;57;56	524288;41139;524288	largemem;global	kopardevn;CCBR;goldsted	/gpfs/gsfs12/users/Ziegelbauer_lab/circRNADetection/circRNA_daq_v0.4.2/samples_16	/gpfs/gsfs12/users/Ziegelbauer_lab/circRNADetection/circRNA_daq_v0.4.2/samples_16/logs/11284991.11295010.star2p.sample=G_INPUT-iSLK-R.out	/gpfs/gsfs12/users/Ziegelbauer_lab/circRNADetection/circRNA_daq_v0.4.2/samples_16/logs/11284991.11295010.star2p.sample=G_INPUT-iSLK-R.err
1616627976	Wed_Mar_24_19:19:36_EDT_2021	11295012;COMPLETED;star2p.sample=G_INPUT-iSLK-UR	cn4487;ccr;cn4256;largemem	00:02:37;00:11:31;00:14:08;4-00:00:00	56;56;56	524288;41253;524288	largemem;global	kopardevn;CCBR;goldsted	/gpfs/gsfs12/users/Ziegelbauer_lab/circRNADetection/circRNA_daq_v0.4.2/samples_16	/gpfs/gsfs12/users/Ziegelbauer_lab/circRNADetection/circRNA_daq_v0.4.2/samples_16/logs/11284991.11295012.star2p.sample=G_INPUT-iSLK-UR.out	/gpfs/gsfs12/users/Ziegelbauer_lab/circRNADetection/circRNA_daq_v0.4.2/samples_16/logs/11284991.11295012.star2p.sample=G_INPUT-iSLK-UR.err
1616627978	Wed_Mar_24_19:19:38_EDT_2021	11295014;COMPLETED;star2p.sample=G_293T-T	cn4487;ccr;cn4257;largemem	00:02:35;00:12:31;00:15:06;4-00:00:00	56;56;56	524288;41274;524288	largemem;global	kopardevn;CCBR;goldsted	/gpfs/gsfs12/users/Ziegelbauer_lab/circRNADetection/circRNA_daq_v0.4.2/samples_16	/gpfs/gsfs12/users/Ziegelbauer_lab/circRNADetection/circRNA_daq_v0.4.2/samples_16/logs/11284991.11295014.star2p.sample=G_293T-T.out	/gpfs/gsfs12/users/Ziegelbauer_lab/circRNADetection/circRNA_daq_v0.4.2/samples_16/logs/11284991.11295014.star2p.sample=G_293T-T.err
1616627979	Wed_Mar_24_19:19:39_EDT_2021	11295015;COMPLETED;star2p.sample=G_293t-NT	cn4487;ccr;cn4257;largemem	00:02:34;00:14:16;00:16:50;4-00:00:00	56;57;56	524288;41393;524288	largemem;global	kopardevn;CCBR;goldsted	/gpfs/gsfs12/users/Ziegelbauer_lab/circRNADetection/circRNA_daq_v0.4.2/samples_16	/gpfs/gsfs12/users/Ziegelbauer_lab/circRNADetection/circRNA_daq_v0.4.2/samples_16/logs/11284991.11295015.star2p.sample=G_293t-NT.out	/gpfs/gsfs12/users/Ziegelbauer_lab/circRNADetection/circRNA_daq_v0.4.2/samples_16/logs/11284991.11295015.star2p.sample=G_293t-NT.err
1616627980	Wed_Mar_24_19:19:40_EDT_2021	11295016;COMPLETED;star2p.sample=G_iSLK-R	cn4487;ccr;cn4258;largemem	00:02:33;00:15:59;00:18:32;4-00:00:00	56;56;56	524288;41377;524288	largemem;global	kopardevn;CCBR;goldsted	/gpfs/gsfs12/users/Ziegelbauer_lab/circRNADetection/circRNA_daq_v0.4.2/samples_16	/gpfs/gsfs12/users/Ziegelbauer_lab/circRNADetection/circRNA_daq_v0.4.2/samples_16/logs/11284991.11295016.star2p.sample=G_iSLK-R.out	/gpfs/gsfs12/users/Ziegelbauer_lab/circRNADetection/circRNA_daq_v0.4.2/samples_16/logs/11284991.11295016.star2p.sample=G_iSLK-R.err
1616627981	Wed_Mar_24_19:19:41_EDT_2021	11295017;COMPLETED;star2p.sample=G_INPUT-293T-T	cn4487;ccr;cn4258;largemem	00:02:32;00:11:29;00:14:01;4-00:00:00	56;57;56	524288;41208;524288	largemem;global	kopardevn;CCBR;goldsted	/gpfs/gsfs12/users/Ziegelbauer_lab/circRNADetection/circRNA_daq_v0.4.2/samples_16	/gpfs/gsfs12/users/Ziegelbauer_lab/circRNADetection/circRNA_daq_v0.4.2/samples_16/logs/11284991.11295017.star2p.sample=G_INPUT-293T-T.out	/gpfs/gsfs12/users/Ziegelbauer_lab/circRNADetection/circRNA_daq_v0.4.2/samples_16/logs/11284991.11295017.star2p.sample=G_INPUT-293T-T.err
1616628501	Wed_Mar_24_19:28:21_EDT_2021	11296218;COMPLETED;create_ciri_count_matrix.	cn4487;ccr;cn2303;ccr	00:00:21;00:00:10;00:00:31;04:00:00	2;;2	20480;;20480	ccr;ccrcore	kopardevn;CCBR;goldsted	/gpfs/gsfs12/users/Ziegelbauer_lab/circRNADetection/circRNA_daq_v0.4.2/samples_16	/gpfs/gsfs12/users/Ziegelbauer_lab/circRNADetection/circRNA_daq_v0.4.2/samples_16/logs/11284991.11296218.create_ciri_count_matrix..out	/gpfs/gsfs12/users/Ziegelbauer_lab/circRNADetection/circRNA_daq_v0.4.2/samples_16/logs/11284991.11296218.create_ciri_count_matrix..err
1616628791	Wed_Mar_24_19:33:11_EDT_2021	11296731;COMPLETED;create_spliced_reads_bam.sample=G_iSLK-UR	cn4487;ccr;cn4502;ccr	00:01:54;00:07:25;00:09:19;1-00:00:00	4;1;4	204800;89;204800	ccr;ccrcore	kopardevn;CCBR;goldsted	/gpfs/gsfs12/users/Ziegelbauer_lab/circRNADetection/circRNA_daq_v0.4.2/samples_16	/gpfs/gsfs12/users/Ziegelbauer_lab/circRNADetection/circRNA_daq_v0.4.2/samples_16/logs/11284991.11296731.create_spliced_reads_bam.sample=G_iSLK-UR.out	/gpfs/gsfs12/users/Ziegelbauer_lab/circRNADetection/circRNA_daq_v0.4.2/samples_16/logs/11284991.11296731.create_spliced_reads_bam.sample=G_iSLK-UR.err
1616628793	Wed_Mar_24_19:33:13_EDT_2021	11296732;COMPLETED;create_BSJ_bam.sample=G_iSLK-UR	cn4487;ccr;cn0628;largemem	00:02:04;00:05:59;00:08:03;1-00:00:00	4;4;4	524288;36851;524288	largemem;global	kopardevn;CCBR;goldsted	/gpfs/gsfs12/users/Ziegelbauer_lab/circRNADetection/circRNA_daq_v0.4.2/samples_16	/gpfs/gsfs12/users/Ziegelbauer_lab/circRNADetection/circRNA_daq_v0.4.2/samples_16/logs/11284991.11296732.create_BSJ_bam.sample=G_iSLK-UR.out	/gpfs/gsfs12/users/Ziegelbauer_lab/circRNADetection/circRNA_daq_v0.4.2/samples_16/logs/11284991.11296732.create_BSJ_bam.sample=G_iSLK-UR.err
1616628794	Wed_Mar_24_19:33:14_EDT_2021	11296733;COMPLETED;annotate_circRNA.sample=G_iSLK-UR	cn4487;ccr;cn2303;ccr	00:01:51;00:00:21;00:02:12;04:00:00	2;;2	20480;;20480	ccr;ccrcore	kopardevn;CCBR;goldsted	/gpfs/gsfs12/users/Ziegelbauer_lab/circRNADetection/circRNA_daq_v0.4.2/samples_16	/gpfs/gsfs12/users/Ziegelbauer_lab/circRNADetection/circRNA_daq_v0.4.2/samples_16/logs/11284991.11296733.annotate_circRNA.sample=G_iSLK-UR.out	/gpfs/gsfs12/users/Ziegelbauer_lab/circRNADetection/circRNA_daq_v0.4.2/samples_16/logs/11284991.11296733.annotate_circRNA.sample=G_iSLK-UR.err
1616628795	Wed_Mar_24_19:33:15_EDT_2021	11296734;COMPLETED;estimate_duplication.sample=G_iSLK-UR	cn4487;ccr;cn2278;ccr	00:17:47;00:13:14;00:31:01;1-00:00:00	4;4;4	204800;57624;204800	ccr;ccrcore	kopardevn;CCBR;goldsted	/gpfs/gsfs12/users/Ziegelbauer_lab/circRNADetection/circRNA_daq_v0.4.2/samples_16	/gpfs/gsfs12/users/Ziegelbauer_lab/circRNADetection/circRNA_daq_v0.4.2/samples_16/logs/11284991.11296734.estimate_duplication.sample=G_iSLK-UR.out	/gpfs/gsfs12/users/Ziegelbauer_lab/circRNADetection/circRNA_daq_v0.4.2/samples_16/logs/11284991.11296734.estimate_duplication.sample=G_iSLK-UR.err
1616628834	Wed_Mar_24_19:33:54_EDT_2021	11296736;COMPLETED;estimate_duplication.sample=G_INPUT-iSLK-UR	cn4487;ccr;cn2295;ccr	00:17:08;00:17:16;00:34:24;1-00:00:00	4;4;4	204800;59522;204800	ccr;ccrcore	kopardevn;CCBR;goldsted	/gpfs/gsfs12/users/Ziegelbauer_lab/circRNADetection/circRNA_daq_v0.4.2/samples_16	/gpfs/gsfs12/users/Ziegelbauer_lab/circRNADetection/circRNA_daq_v0.4.2/samples_16/logs/11284991.11296736.estimate_duplication.sample=G_INPUT-iSLK-UR.out	/gpfs/gsfs12/users/Ziegelbauer_lab/circRNADetection/circRNA_daq_v0.4.2/samples_16/logs/11284991.11296736.estimate_duplication.sample=G_INPUT-iSLK-UR.err
1616628836	Wed_Mar_24_19:33:56_EDT_2021	11296737;COMPLETED;create_BSJ_bam.sample=G_INPUT-iSLK-UR	cn4487;ccr;cn0630;largemem	00:01:21;00:08:25;00:09:46;1-00:00:00	4;2;4	524288;46153;524288	largemem;global	kopardevn;CCBR;goldsted	/gpfs/gsfs12/users/Ziegelbauer_lab/circRNADetection/circRNA_daq_v0.4.2/samples_16	/gpfs/gsfs12/users/Ziegelbauer_lab/circRNADetection/circRNA_daq_v0.4.2/samples_16/logs/11284991.11296737.create_BSJ_bam.sample=G_INPUT-iSLK-UR.out	/gpfs/gsfs12/users/Ziegelbauer_lab/circRNADetection/circRNA_daq_v0.4.2/samples_16/logs/11284991.11296737.create_BSJ_bam.sample=G_INPUT-iSLK-UR.err
1616628837	Wed_Mar_24_19:33:57_EDT_2021	11296738;COMPLETED;create_spliced_reads_bam.sample=G_INPUT-iSLK-UR	cn4487;ccr;cn4502;ccr	00:17:05;00:04:32;00:21:37;1-00:00:00	4;1;4	204800;85;204800	ccr;ccrcore	kopardevn;CCBR;goldsted	/gpfs/gsfs12/users/Ziegelbauer_lab/circRNADetection/circRNA_daq_v0.4.2/samples_16	/gpfs/gsfs12/users/Ziegelbauer_lab/circRNADetection/circRNA_daq_v0.4.2/samples_16/logs/11284991.11296738.create_spliced_reads_bam.sample=G_INPUT-iSLK-UR.out	/gpfs/gsfs12/users/Ziegelbauer_lab/circRNADetection/circRNA_daq_v0.4.2/samples_16/logs/11284991.11296738.create_spliced_reads_bam.sample=G_INPUT-iSLK-UR.err
1616628839	Wed_Mar_24_19:33:59_EDT_2021	11296739;COMPLETED;annotate_circRNA.sample=G_INPUT-iSLK-UR	cn4487;ccr;cn2429;ccr	00:01:06;00:00:15;00:01:21;04:00:00	2;;2	20480;;20480	ccr;ccrcore	kopardevn;CCBR;goldsted	/gpfs/gsfs12/users/Ziegelbauer_lab/circRNADetection/circRNA_daq_v0.4.2/samples_16	/gpfs/gsfs12/users/Ziegelbauer_lab/circRNADetection/circRNA_daq_v0.4.2/samples_16/logs/11284991.11296739.annotate_circRNA.sample=G_INPUT-iSLK-UR.out	/gpfs/gsfs12/users/Ziegelbauer_lab/circRNADetection/circRNA_daq_v0.4.2/samples_16/logs/11284991.11296739.annotate_circRNA.sample=G_INPUT-iSLK-UR.err
1616628840	Wed_Mar_24_19:34:00_EDT_2021	11296740;COMPLETED;annotate_circRNA.sample=G_INPUT-293T-T	cn4487;ccr;cn2429;ccr	00:01:05;00:00:15;00:01:20;04:00:00	2;;2	20480;;20480	ccr;ccrcore	kopardevn;CCBR;goldsted	/gpfs/gsfs12/users/Ziegelbauer_lab/circRNADetection/circRNA_daq_v0.4.2/samples_16	/gpfs/gsfs12/users/Ziegelbauer_lab/circRNADetection/circRNA_daq_v0.4.2/samples_16/logs/11284991.11296740.annotate_circRNA.sample=G_INPUT-293T-T.out	/gpfs/gsfs12/users/Ziegelbauer_lab/circRNADetection/circRNA_daq_v0.4.2/samples_16/logs/11284991.11296740.annotate_circRNA.sample=G_INPUT-293T-T.err
1616628842	Wed_Mar_24_19:34:02_EDT_2021	11296741;COMPLETED;create_spliced_reads_bam.sample=G_INPUT-293T-T	cn4487;ccr;cn4519;ccr	00:17:00;00:05:21;00:22:21;1-00:00:00	4;1;4	204800;87;204800	ccr;ccrcore	kopardevn;CCBR;goldsted	/gpfs/gsfs12/users/Ziegelbauer_lab/circRNADetection/circRNA_daq_v0.4.2/samples_16	/gpfs/gsfs12/users/Ziegelbauer_lab/circRNADetection/circRNA_daq_v0.4.2/samples_16/logs/11284991.11296741.create_spliced_reads_bam.sample=G_INPUT-293T-T.out	/gpfs/gsfs12/users/Ziegelbauer_lab/circRNADetection/circRNA_daq_v0.4.2/samples_16/logs/11284991.11296741.create_spliced_reads_bam.sample=G_INPUT-293T-T.err
1616628843	Wed_Mar_24_19:34:03_EDT_2021	11296742;COMPLETED;estimate_duplication.sample=G_INPUT-293T-T	cn4487;ccr;cn2417;ccr	00:16:59;00:16:05;00:33:04;1-00:00:00	4;4;4	204800;51271;204800	ccr;ccrcore	kopardevn;CCBR;goldsted	/gpfs/gsfs12/users/Ziegelbauer_lab/circRNADetection/circRNA_daq_v0.4.2/samples_16	/gpfs/gsfs12/users/Ziegelbauer_lab/circRNADetection/circRNA_daq_v0.4.2/samples_16/logs/11284991.11296742.estimate_duplication.sample=G_INPUT-293T-T.out	/gpfs/gsfs12/users/Ziegelbauer_lab/circRNADetection/circRNA_daq_v0.4.2/samples_16/logs/11284991.11296742.estimate_duplication.sample=G_INPUT-293T-T.err
1616628844	Wed_Mar_24_19:34:04_EDT_2021	11296743;COMPLETED;create_BSJ_bam.sample=G_INPUT-293T-T	cn4487;ccr;cn4245;largemem	00:01:13;00:06:48;00:08:01;1-00:00:00	4;4;4	524288;45681;524288	largemem;global	kopardevn;CCBR;goldsted	/gpfs/gsfs12/users/Ziegelbauer_lab/circRNADetection/circRNA_daq_v0.4.2/samples_16	/gpfs/gsfs12/users/Ziegelbauer_lab/circRNADetection/circRNA_daq_v0.4.2/samples_16/logs/11284991.11296743.create_BSJ_bam.sample=G_INPUT-293T-T.out	/gpfs/gsfs12/users/Ziegelbauer_lab/circRNADetection/circRNA_daq_v0.4.2/samples_16/logs/11284991.11296743.create_BSJ_bam.sample=G_INPUT-293T-T.err
1616628890	Wed_Mar_24_19:34:50_EDT_2021	11296744;COMPLETED;estimate_duplication.sample=G_293T-T	cn4487;ccr;cn2420;ccr	00:16:12;00:16:29;00:32:41;1-00:00:00	4;4;4	204800;59517;204800	ccr;ccrcore	kopardevn;CCBR;goldsted	/gpfs/gsfs12/users/Ziegelbauer_lab/circRNADetection/circRNA_daq_v0.4.2/samples_16	/gpfs/gsfs12/users/Ziegelbauer_lab/circRNADetection/circRNA_daq_v0.4.2/samples_16/logs/11284991.11296744.estimate_duplication.sample=G_293T-T.out	/gpfs/gsfs12/users/Ziegelbauer_lab/circRNADetection/circRNA_daq_v0.4.2/samples_16/logs/11284991.11296744.estimate_duplication.sample=G_293T-T.err
1616628891	Wed_Mar_24_19:34:51_EDT_2021	11296745;COMPLETED;create_BSJ_bam.sample=G_293T-T	cn4487;ccr;cn4245;largemem	00:00:26;00:07:31;00:07:57;1-00:00:00	4;1;4	524288;44572;524288	largemem;global	kopardevn;CCBR;goldsted	/gpfs/gsfs12/users/Ziegelbauer_lab/circRNADetection/circRNA_daq_v0.4.2/samples_16	/gpfs/gsfs12/users/Ziegelbauer_lab/circRNADetection/circRNA_daq_v0.4.2/samples_16/logs/11284991.11296745.create_BSJ_bam.sample=G_293T-T.out	/gpfs/gsfs12/users/Ziegelbauer_lab/circRNADetection/circRNA_daq_v0.4.2/samples_16/logs/11284991.11296745.create_BSJ_bam.sample=G_293T-T.err
1616628892	Wed_Mar_24_19:34:52_EDT_2021	11296746;COMPLETED;create_spliced_reads_bam.sample=G_293T-T	cn4487;ccr;cn2425;ccr	00:16:10;00:11:03;00:27:13;1-00:00:00	4;1;4	204800;88;204800	ccr;ccrcore	kopardevn;CCBR;goldsted	/gpfs/gsfs12/users/Ziegelbauer_lab/circRNADetection/circRNA_daq_v0.4.2/samples_16	/gpfs/gsfs12/users/Ziegelbauer_lab/circRNADetection/circRNA_daq_v0.4.2/samples_16/logs/11284991.11296746.create_spliced_reads_bam.sample=G_293T-T.out	/gpfs/gsfs12/users/Ziegelbauer_lab/circRNADetection/circRNA_daq_v0.4.2/samples_16/logs/11284991.11296746.create_spliced_reads_bam.sample=G_293T-T.err
1616628894	Wed_Mar_24_19:34:54_EDT_2021	11296747;COMPLETED;annotate_circRNA.sample=G_293T-T	cn4487;ccr;cn2429;ccr	00:00:11;00:00:21;00:00:32;04:00:00	2;;2	20480;;20480	ccr;ccrcore	kopardevn;CCBR;goldsted	/gpfs/gsfs12/users/Ziegelbauer_lab/circRNADetection/circRNA_daq_v0.4.2/samples_16	/gpfs/gsfs12/users/Ziegelbauer_lab/circRNADetection/circRNA_daq_v0.4.2/samples_16/logs/11284991.11296747.annotate_circRNA.sample=G_293T-T.out	/gpfs/gsfs12/users/Ziegelbauer_lab/circRNADetection/circRNA_daq_v0.4.2/samples_16/logs/11284991.11296747.annotate_circRNA.sample=G_293T-T.err
1616628926	Wed_Mar_24_19:35:26_EDT_2021	11296962;COMPLETED;venn.sample=G_INPUT-iSLK-UR	cn4487;ccr;cn2404;ccr	00:15:37;00:00:07;00:15:44;04:00:00	2;;2	20480;;20480	ccr;ccrcore	kopardevn;CCBR;goldsted	/gpfs/gsfs12/users/Ziegelbauer_lab/circRNADetection/circRNA_daq_v0.4.2/samples_16	/gpfs/gsfs12/users/Ziegelbauer_lab/circRNADetection/circRNA_daq_v0.4.2/samples_16/logs/11284991.11296962.venn.sample=G_INPUT-iSLK-UR.out	/gpfs/gsfs12/users/Ziegelbauer_lab/circRNADetection/circRNA_daq_v0.4.2/samples_16/logs/11284991.11296962.venn.sample=G_INPUT-iSLK-UR.err
1616628928	Wed_Mar_24_19:35:28_EDT_2021	11296963;COMPLETED;clear.sample=G_INPUT-iSLK-UR	cn4487;ccr;cn2429;ccr	00:15:34;00:06:53;00:22:27;1-00:00:00	4;1;4	122880;704;122880	ccr;ccrcore	kopardevn;CCBR;goldsted	/gpfs/gsfs12/users/Ziegelbauer_lab/circRNADetection/circRNA_daq_v0.4.2/samples_16	/gpfs/gsfs12/users/Ziegelbauer_lab/circRNADetection/circRNA_daq_v0.4.2/samples_16/logs/11284991.11296963.clear.sample=G_INPUT-iSLK-UR.out	/gpfs/gsfs12/users/Ziegelbauer_lab/circRNADetection/circRNA_daq_v0.4.2/samples_16/logs/11284991.11296963.clear.sample=G_INPUT-iSLK-UR.err
1616628929	Wed_Mar_24_19:35:29_EDT_2021	11296965;COMPLETED;clear.sample=G_293T-T	cn4487;ccr;cn2333;ccr	00:15:33;00:08:58;00:24:31;1-00:00:00	4;6;4	122880;1008;122880	ccr;ccrcore	kopardevn;CCBR;goldsted	/gpfs/gsfs12/users/Ziegelbauer_lab/circRNADetection/circRNA_daq_v0.4.2/samples_16	/gpfs/gsfs12/users/Ziegelbauer_lab/circRNADetection/circRNA_daq_v0.4.2/samples_16/logs/11284991.11296965.clear.sample=G_293T-T.out	/gpfs/gsfs12/users/Ziegelbauer_lab/circRNADetection/circRNA_daq_v0.4.2/samples_16/logs/11284991.11296965.clear.sample=G_293T-T.err
1616628930	Wed_Mar_24_19:35:30_EDT_2021	11296967;COMPLETED;venn.sample=G_293T-T	cn4487;ccr;cn2405;ccr	00:15:33;00:00:09;00:15:42;04:00:00	2;;2	20480;;20480	ccr;ccrcore	kopardevn;CCBR;goldsted	/gpfs/gsfs12/users/Ziegelbauer_lab/circRNADetection/circRNA_daq_v0.4.2/samples_16	/gpfs/gsfs12/users/Ziegelbauer_lab/circRNADetection/circRNA_daq_v0.4.2/samples_16/logs/11284991.11296967.venn.sample=G_293T-T.out	/gpfs/gsfs12/users/Ziegelbauer_lab/circRNADetection/circRNA_daq_v0.4.2/samples_16/logs/11284991.11296967.venn.sample=G_293T-T.err
1616628932	Wed_Mar_24_19:35:32_EDT_2021	11296969;COMPLETED;venn.sample=G_INPUT-293T-T	cn4487;ccr;cn2405;ccr	00:15:31;00:00:09;00:15:40;04:00:00	2;;2	20480;;20480	ccr;ccrcore	kopardevn;CCBR;goldsted	/gpfs/gsfs12/users/Ziegelbauer_lab/circRNADetection/circRNA_daq_v0.4.2/samples_16	/gpfs/gsfs12/users/Ziegelbauer_lab/circRNADetection/circRNA_daq_v0.4.2/samples_16/logs/11284991.11296969.venn.sample=G_INPUT-293T-T.out	/gpfs/gsfs12/users/Ziegelbauer_lab/circRNADetection/circRNA_daq_v0.4.2/samples_16/logs/11284991.11296969.venn.sample=G_INPUT-293T-T.err
1616628933	Wed_Mar_24_19:35:33_EDT_2021	11296971;COMPLETED;clear.sample=G_INPUT-293T-T	cn4487;ccr;cn2405;ccr	00:15:29;00:06:41;00:22:10;1-00:00:00	4;1;4	122880;744;122880	ccr;ccrcore	kopardevn;CCBR;goldsted	/gpfs/gsfs12/users/Ziegelbauer_lab/circRNADetection/circRNA_daq_v0.4.2/samples_16	/gpfs/gsfs12/users/Ziegelbauer_lab/circRNADetection/circRNA_daq_v0.4.2/samples_16/logs/11284991.11296971.clear.sample=G_INPUT-293T-T.out	/gpfs/gsfs12/users/Ziegelbauer_lab/circRNADetection/circRNA_daq_v0.4.2/samples_16/logs/11284991.11296971.clear.sample=G_INPUT-293T-T.err
1616628937	Wed_Mar_24_19:35:37_EDT_2021	11296972;COMPLETED;clear.sample=G_iSLK-UR	cn4487;ccr;cn2406;ccr	00:15:25;00:05:46;00:21:11;1-00:00:00	4;2;4	122880;1111;122880	ccr;ccrcore	kopardevn;CCBR;goldsted	/gpfs/gsfs12/users/Ziegelbauer_lab/circRNADetection/circRNA_daq_v0.4.2/samples_16	/gpfs/gsfs12/users/Ziegelbauer_lab/circRNADetection/circRNA_daq_v0.4.2/samples_16/logs/11284991.11296972.clear.sample=G_iSLK-UR.out	/gpfs/gsfs12/users/Ziegelbauer_lab/circRNADetection/circRNA_daq_v0.4.2/samples_16/logs/11284991.11296972.clear.sample=G_iSLK-UR.err
1616628938	Wed_Mar_24_19:35:38_EDT_2021	11296973;COMPLETED;venn.sample=G_iSLK-UR	cn4487;ccr;cn2406;ccr	00:15:25;00:00:09;00:15:34;04:00:00	2;;2	20480;;20480	ccr;ccrcore	kopardevn;CCBR;goldsted	/gpfs/gsfs12/users/Ziegelbauer_lab/circRNADetection/circRNA_daq_v0.4.2/samples_16	/gpfs/gsfs12/users/Ziegelbauer_lab/circRNADetection/circRNA_daq_v0.4.2/samples_16/logs/11284991.11296973.venn.sample=G_iSLK-UR.out	/gpfs/gsfs12/users/Ziegelbauer_lab/circRNADetection/circRNA_daq_v0.4.2/samples_16/logs/11284991.11296973.venn.sample=G_iSLK-UR.err
1616628949	Wed_Mar_24_19:35:49_EDT_2021	11296974;COMPLETED;create_BSJ_bam.sample=G_INPUT-iSLK-R	cn4487;ccr;cn0628;largemem	00:15:24;00:08:57;00:24:21;1-00:00:00	4;1;4	524288;61068;524288	largemem;global	kopardevn;CCBR;goldsted	/gpfs/gsfs12/users/Ziegelbauer_lab/circRNADetection/circRNA_daq_v0.4.2/samples_16	/gpfs/gsfs12/users/Ziegelbauer_lab/circRNADetection/circRNA_daq_v0.4.2/samples_16/logs/11284991.11296974.create_BSJ_bam.sample=G_INPUT-iSLK-R.out	/gpfs/gsfs12/users/Ziegelbauer_lab/circRNADetection/circRNA_daq_v0.4.2/samples_16/logs/11284991.11296974.create_BSJ_bam.sample=G_INPUT-iSLK-R.err
1616628950	Wed_Mar_24_19:35:50_EDT_2021	11296975;COMPLETED;create_spliced_reads_bam.sample=G_INPUT-iSLK-R	cn4487;ccr;cn2412;ccr	00:15:13;00:04:31;00:19:44;1-00:00:00	4;1;4	204800;88;204800	ccr;ccrcore	kopardevn;CCBR;goldsted	/gpfs/gsfs12/users/Ziegelbauer_lab/circRNADetection/circRNA_daq_v0.4.2/samples_16	/gpfs/gsfs12/users/Ziegelbauer_lab/circRNADetection/circRNA_daq_v0.4.2/samples_16/logs/11284991.11296975.create_spliced_reads_bam.sample=G_INPUT-iSLK-R.out	/gpfs/gsfs12/users/Ziegelbauer_lab/circRNADetection/circRNA_daq_v0.4.2/samples_16/logs/11284991.11296975.create_spliced_reads_bam.sample=G_INPUT-iSLK-R.err
1616628951	Wed_Mar_24_19:35:51_EDT_2021	11296976;COMPLETED;annotate_circRNA.sample=G_INPUT-iSLK-R	cn4487;ccr;cn2406;ccr	00:15:12;00:00:19;00:15:31;04:00:00	2;;2	20480;;20480	ccr;ccrcore	kopardevn;CCBR;goldsted	/gpfs/gsfs12/users/Ziegelbauer_lab/circRNADetection/circRNA_daq_v0.4.2/samples_16	/gpfs/gsfs12/users/Ziegelbauer_lab/circRNADetection/circRNA_daq_v0.4.2/samples_16/logs/11284991.11296976.annotate_circRNA.sample=G_INPUT-iSLK-R.out	/gpfs/gsfs12/users/Ziegelbauer_lab/circRNADetection/circRNA_daq_v0.4.2/samples_16/logs/11284991.11296976.annotate_circRNA.sample=G_INPUT-iSLK-R.err
1616628953	Wed_Mar_24_19:35:53_EDT_2021	11296977;COMPLETED;estimate_duplication.sample=G_INPUT-iSLK-R	cn4487;ccr;cn2413;ccr	00:15:10;00:21:18;00:36:28;1-00:00:00	4;4;4	204800;61462;204800	ccr;ccrcore	kopardevn;CCBR;goldsted	/gpfs/gsfs12/users/Ziegelbauer_lab/circRNADetection/circRNA_daq_v0.4.2/samples_16	/gpfs/gsfs12/users/Ziegelbauer_lab/circRNADetection/circRNA_daq_v0.4.2/samples_16/logs/11284991.11296977.estimate_duplication.sample=G_INPUT-iSLK-R.out	/gpfs/gsfs12/users/Ziegelbauer_lab/circRNADetection/circRNA_daq_v0.4.2/samples_16/logs/11284991.11296977.estimate_duplication.sample=G_INPUT-iSLK-R.err
1616628997	Wed_Mar_24_19:36:37_EDT_2021	11296978;COMPLETED;annotate_circRNA.sample=G_293t-NT	cn4487;ccr;cn4487;ccr	00:14:26;00:00:23;00:14:49;04:00:00	2;1;2	20480;202;20480	ccr;ccrcore	kopardevn;CCBR;goldsted	/gpfs/gsfs12/users/Ziegelbauer_lab/circRNADetection/circRNA_daq_v0.4.2/samples_16	/gpfs/gsfs12/users/Ziegelbauer_lab/circRNADetection/circRNA_daq_v0.4.2/samples_16/logs/11284991.11296978.annotate_circRNA.sample=G_293t-NT.out	/gpfs/gsfs12/users/Ziegelbauer_lab/circRNADetection/circRNA_daq_v0.4.2/samples_16/logs/11284991.11296978.annotate_circRNA.sample=G_293t-NT.err
1616628998	Wed_Mar_24_19:36:38_EDT_2021	11296979;COMPLETED;create_spliced_reads_bam.sample=G_293t-NT	cn4487;ccr;cn2408;ccr	00:16:51;00:26:49;00:43:40;1-00:00:00	4;1;4	204800;86;204800	ccr;ccrcore	kopardevn;CCBR;goldsted	/gpfs/gsfs12/users/Ziegelbauer_lab/circRNADetection/circRNA_daq_v0.4.2/samples_16	/gpfs/gsfs12/users/Ziegelbauer_lab/circRNADetection/circRNA_daq_v0.4.2/samples_16/logs/11284991.11296979.create_spliced_reads_bam.sample=G_293t-NT.out	/gpfs/gsfs12/users/Ziegelbauer_lab/circRNADetection/circRNA_daq_v0.4.2/samples_16/logs/11284991.11296979.create_spliced_reads_bam.sample=G_293t-NT.err
1616628999	Wed_Mar_24_19:36:39_EDT_2021	11296980;COMPLETED;estimate_duplication.sample=G_293t-NT	cn4487;ccr;cn2426;ccr	00:16:50;00:21:20;00:38:10;1-00:00:00	4;4;4	204800;52047;204800	ccr;ccrcore	kopardevn;CCBR;goldsted	/gpfs/gsfs12/users/Ziegelbauer_lab/circRNADetection/circRNA_daq_v0.4.2/samples_16	/gpfs/gsfs12/users/Ziegelbauer_lab/circRNADetection/circRNA_daq_v0.4.2/samples_16/logs/11284991.11296980.estimate_duplication.sample=G_293t-NT.out	/gpfs/gsfs12/users/Ziegelbauer_lab/circRNADetection/circRNA_daq_v0.4.2/samples_16/logs/11284991.11296980.estimate_duplication.sample=G_293t-NT.err
1616629001	Wed_Mar_24_19:36:41_EDT_2021	11296981;COMPLETED;create_BSJ_bam.sample=G_293t-NT	cn4487;ccr;cn0627;largemem	00:14:32;00:10:47;00:25:19;1-00:00:00	4;2;4	524288;65912;524288	largemem;global	kopardevn;CCBR;goldsted	/gpfs/gsfs12/users/Ziegelbauer_lab/circRNADetection/circRNA_daq_v0.4.2/samples_16	/gpfs/gsfs12/users/Ziegelbauer_lab/circRNADetection/circRNA_daq_v0.4.2/samples_16/logs/11284991.11296981.create_BSJ_bam.sample=G_293t-NT.out	/gpfs/gsfs12/users/Ziegelbauer_lab/circRNADetection/circRNA_daq_v0.4.2/samples_16/logs/11284991.11296981.create_BSJ_bam.sample=G_293t-NT.err
1616629100	Wed_Mar_24_19:38:20_EDT_2021	11296991;COMPLETED;create_BSJ_bam.sample=G_iSLK-R	cn4487;ccr;cn0630;largemem	00:12:54;00:14:54;00:27:48;1-00:00:00	4;1;4	524288;68835;524288	largemem;global	kopardevn;CCBR;goldsted	/gpfs/gsfs12/users/Ziegelbauer_lab/circRNADetection/circRNA_daq_v0.4.2/samples_16	/gpfs/gsfs12/users/Ziegelbauer_lab/circRNADetection/circRNA_daq_v0.4.2/samples_16/logs/11284991.11296991.create_BSJ_bam.sample=G_iSLK-R.out	/gpfs/gsfs12/users/Ziegelbauer_lab/circRNADetection/circRNA_daq_v0.4.2/samples_16/logs/11284991.11296991.create_BSJ_bam.sample=G_iSLK-R.err
1616629101	Wed_Mar_24_19:38:21_EDT_2021	11296992;COMPLETED;annotate_circRNA.sample=G_iSLK-R	cn4487;ccr;cn2303;ccr	00:12:42;00:00:26;00:13:08;04:00:00	2;1;2	20480;166;20480	ccr;ccrcore	kopardevn;CCBR;goldsted	/gpfs/gsfs12/users/Ziegelbauer_lab/circRNADetection/circRNA_daq_v0.4.2/samples_16	/gpfs/gsfs12/users/Ziegelbauer_lab/circRNADetection/circRNA_daq_v0.4.2/samples_16/logs/11284991.11296992.annotate_circRNA.sample=G_iSLK-R.out	/gpfs/gsfs12/users/Ziegelbauer_lab/circRNADetection/circRNA_daq_v0.4.2/samples_16/logs/11284991.11296992.annotate_circRNA.sample=G_iSLK-R.err
1616629103	Wed_Mar_24_19:38:23_EDT_2021	11296993;COMPLETED;create_spliced_reads_bam.sample=G_iSLK-R	cn4487;ccr;cn2277;ccr	00:15:06;00:19:04;00:34:10;1-00:00:00	4;1;4	204800;88;204800	ccr;ccrcore	kopardevn;CCBR;goldsted	/gpfs/gsfs12/users/Ziegelbauer_lab/circRNADetection/circRNA_daq_v0.4.2/samples_16	/gpfs/gsfs12/users/Ziegelbauer_lab/circRNADetection/circRNA_daq_v0.4.2/samples_16/logs/11284991.11296993.create_spliced_reads_bam.sample=G_iSLK-R.out	/gpfs/gsfs12/users/Ziegelbauer_lab/circRNADetection/circRNA_daq_v0.4.2/samples_16/logs/11284991.11296993.create_spliced_reads_bam.sample=G_iSLK-R.err
1616629104	Wed_Mar_24_19:38:24_EDT_2021	11296994;COMPLETED;estimate_duplication.sample=G_iSLK-R	cn4487;ccr;cn2314;ccr	00:15:05;00:26:04;00:41:09;1-00:00:00	4;4;4	204800;51997;204800	ccr;ccrcore	kopardevn;CCBR;goldsted	/gpfs/gsfs12/users/Ziegelbauer_lab/circRNADetection/circRNA_daq_v0.4.2/samples_16	/gpfs/gsfs12/users/Ziegelbauer_lab/circRNADetection/circRNA_daq_v0.4.2/samples_16/logs/11284991.11296994.estimate_duplication.sample=G_iSLK-R.out	/gpfs/gsfs12/users/Ziegelbauer_lab/circRNADetection/circRNA_daq_v0.4.2/samples_16/logs/11284991.11296994.estimate_duplication.sample=G_iSLK-R.err
1616629113	Wed_Mar_24_19:38:33_EDT_2021	11296995;COMPLETED;create_spliced_reads_bam.sample=G_INPUT-293T-NT	cn4487;ccr;cn2321;ccr	00:14:56;00:07:43;00:22:39;1-00:00:00	4;1;4	204800;86;204800	ccr;ccrcore	kopardevn;CCBR;goldsted	/gpfs/gsfs12/users/Ziegelbauer_lab/circRNADetection/circRNA_daq_v0.4.2/samples_16	/gpfs/gsfs12/users/Ziegelbauer_lab/circRNADetection/circRNA_daq_v0.4.2/samples_16/logs/11284991.11296995.create_spliced_reads_bam.sample=G_INPUT-293T-NT.out	/gpfs/gsfs12/users/Ziegelbauer_lab/circRNADetection/circRNA_daq_v0.4.2/samples_16/logs/11284991.11296995.create_spliced_reads_bam.sample=G_INPUT-293T-NT.err
1616629114	Wed_Mar_24_19:38:34_EDT_2021	11296996;COMPLETED;estimate_duplication.sample=G_INPUT-293T-NT	cn4487;ccr;cn2345;ccr	00:14:55;00:22:25;00:37:20;1-00:00:00	4;4;4	204800;60691;204800	ccr;ccrcore	kopardevn;CCBR;goldsted	/gpfs/gsfs12/users/Ziegelbauer_lab/circRNADetection/circRNA_daq_v0.4.2/samples_16	/gpfs/gsfs12/users/Ziegelbauer_lab/circRNADetection/circRNA_daq_v0.4.2/samples_16/logs/11284991.11296996.estimate_duplication.sample=G_INPUT-293T-NT.out	/gpfs/gsfs12/users/Ziegelbauer_lab/circRNADetection/circRNA_daq_v0.4.2/samples_16/logs/11284991.11296996.estimate_duplication.sample=G_INPUT-293T-NT.err
1616629116	Wed_Mar_24_19:38:36_EDT_2021	11296998;COMPLETED;create_BSJ_bam.sample=G_INPUT-293T-NT	cn4487;ccr;cn4245;largemem	00:12:38;00:08:50;00:21:28;1-00:00:00	4;1;4	524288;60689;524288	largemem;global	kopardevn;CCBR;goldsted	/gpfs/gsfs12/users/Ziegelbauer_lab/circRNADetection/circRNA_daq_v0.4.2/samples_16	/gpfs/gsfs12/users/Ziegelbauer_lab/circRNADetection/circRNA_daq_v0.4.2/samples_16/logs/11284991.11296998.create_BSJ_bam.sample=G_INPUT-293T-NT.out	/gpfs/gsfs12/users/Ziegelbauer_lab/circRNADetection/circRNA_daq_v0.4.2/samples_16/logs/11284991.11296998.create_BSJ_bam.sample=G_INPUT-293T-NT.err
1616629117	Wed_Mar_24_19:38:37_EDT_2021	11296999;COMPLETED;annotate_circRNA.sample=G_INPUT-293T-NT	cn4487;ccr;cn2295;ccr	00:12:26;00:00:20;00:12:46;04:00:00	2;1;2	20480;168;20480	ccr;ccrcore	kopardevn;CCBR;goldsted	/gpfs/gsfs12/users/Ziegelbauer_lab/circRNADetection/circRNA_daq_v0.4.2/samples_16	/gpfs/gsfs12/users/Ziegelbauer_lab/circRNADetection/circRNA_daq_v0.4.2/samples_16/logs/11284991.11296999.annotate_circRNA.sample=G_INPUT-293T-NT.out	/gpfs/gsfs12/users/Ziegelbauer_lab/circRNADetection/circRNA_daq_v0.4.2/samples_16/logs/11284991.11296999.annotate_circRNA.sample=G_INPUT-293T-NT.err
1616629282	Wed_Mar_24_19:41:22_EDT_2021	11297003;COMPLETED;split_BAM_create_BW.sample=G_iSLK-UR	cn4487;ccr;cn2298;ccr	00:09:41;00:05:15;00:14:56;04:00:00	2;3;2	20480;1946;20480	ccr;ccrcore	kopardevn;CCBR;goldsted	/gpfs/gsfs12/users/Ziegelbauer_lab/circRNADetection/circRNA_daq_v0.4.2/samples_16	/gpfs/gsfs12/users/Ziegelbauer_lab/circRNADetection/circRNA_daq_v0.4.2/samples_16/logs/11284991.11297003.split_BAM_create_BW.sample=G_iSLK-UR.out	/gpfs/gsfs12/users/Ziegelbauer_lab/circRNADetection/circRNA_daq_v0.4.2/samples_16/logs/11284991.11297003.split_BAM_create_BW.sample=G_iSLK-UR.err
1616629334	Wed_Mar_24_19:42:14_EDT_2021	11297008;COMPLETED;split_BAM_create_BW.sample=G_INPUT-293T-T	cn4487;ccr;cn2310;ccr	00:08:49;00:06:19;00:15:08;04:00:00	2;1;2	20480;1952;20480	ccr;ccrcore	kopardevn;CCBR;goldsted	/gpfs/gsfs12/users/Ziegelbauer_lab/circRNADetection/circRNA_daq_v0.4.2/samples_16	/gpfs/gsfs12/users/Ziegelbauer_lab/circRNADetection/circRNA_daq_v0.4.2/samples_16/logs/11284991.11297008.split_BAM_create_BW.sample=G_INPUT-293T-T.out	/gpfs/gsfs12/users/Ziegelbauer_lab/circRNADetection/circRNA_daq_v0.4.2/samples_16/logs/11284991.11297008.split_BAM_create_BW.sample=G_INPUT-293T-T.err
1616629360	Wed_Mar_24_19:42:40_EDT_2021	11297010;COMPLETED;alignment_stats.sample=G_iSLK-UR	cn4487;ccr;cn2320;ccr	00:08:23;00:30:35;00:38:58;04:00:00	2;4;2	20480;80;20480	ccr;ccrcore	kopardevn;CCBR;goldsted	/gpfs/gsfs12/users/Ziegelbauer_lab/circRNADetection/circRNA_daq_v0.4.2/samples_16	/gpfs/gsfs12/users/Ziegelbauer_lab/circRNADetection/circRNA_daq_v0.4.2/samples_16/logs/11284991.11297010.alignment_stats.sample=G_iSLK-UR.out	/gpfs/gsfs12/users/Ziegelbauer_lab/circRNADetection/circRNA_daq_v0.4.2/samples_16/logs/11284991.11297010.alignment_stats.sample=G_iSLK-UR.err
1616629361	Wed_Mar_24_19:42:41_EDT_2021	11297011;COMPLETED;split_splice_reads_BAM_create_BW.sample=G_iSLK-UR	cn4487;ccr;cn2401;ccr	00:08:22;00:07:13;00:15:35;1-00:00:00	2;1;2	122880;1944;122880	ccr;ccrcore	kopardevn;CCBR;goldsted	/gpfs/gsfs12/users/Ziegelbauer_lab/circRNADetection/circRNA_daq_v0.4.2/samples_16	/gpfs/gsfs12/users/Ziegelbauer_lab/circRNADetection/circRNA_daq_v0.4.2/samples_16/logs/11284991.11297011.split_splice_reads_BAM_create_BW.sample=G_iSLK-UR.out	/gpfs/gsfs12/users/Ziegelbauer_lab/circRNADetection/circRNA_daq_v0.4.2/samples_16/logs/11284991.11297011.split_splice_reads_BAM_create_BW.sample=G_iSLK-UR.err
1616629374	Wed_Mar_24_19:42:54_EDT_2021	11297012;COMPLETED;split_BAM_create_BW.sample=G_293T-T	cn4487;ccr;cn2346;ccr	00:08:09;00:06:10;00:14:19;04:00:00	2;1;2	20480;1061;20480	ccr;ccrcore	kopardevn;CCBR;goldsted	/gpfs/gsfs12/users/Ziegelbauer_lab/circRNADetection/circRNA_daq_v0.4.2/samples_16	/gpfs/gsfs12/users/Ziegelbauer_lab/circRNADetection/circRNA_daq_v0.4.2/samples_16/logs/11284991.11297012.split_BAM_create_BW.sample=G_293T-T.out	/gpfs/gsfs12/users/Ziegelbauer_lab/circRNADetection/circRNA_daq_v0.4.2/samples_16/logs/11284991.11297012.split_BAM_create_BW.sample=G_293T-T.err
1616629426	Wed_Mar_24_19:43:46_EDT_2021	11297013;COMPLETED;split_BAM_create_BW.sample=G_INPUT-iSLK-UR	cn4487;ccr;cn4502;ccr	00:07:17;00:05:50;00:13:07;04:00:00	2;1;2	20480;1944;20480	ccr;ccrcore	kopardevn;CCBR;goldsted	/gpfs/gsfs12/users/Ziegelbauer_lab/circRNADetection/circRNA_daq_v0.4.2/samples_16	/gpfs/gsfs12/users/Ziegelbauer_lab/circRNADetection/circRNA_daq_v0.4.2/samples_16/logs/11284991.11297013.split_BAM_create_BW.sample=G_INPUT-iSLK-UR.out	/gpfs/gsfs12/users/Ziegelbauer_lab/circRNADetection/circRNA_daq_v0.4.2/samples_16/logs/11284991.11297013.split_BAM_create_BW.sample=G_INPUT-iSLK-UR.err
1616629885	Wed_Mar_24_19:51:25_EDT_2021	11297295;COMPLETED;venn.sample=G_INPUT-iSLK-R	cn4487;ccr;cn2404;ccr	00:02:04;00:00:07;00:02:11;04:00:00	2;;2	20480;;20480	ccr;ccrcore	kopardevn;CCBR;goldsted	/gpfs/gsfs12/users/Ziegelbauer_lab/circRNADetection/circRNA_daq_v0.4.2/samples_16	/gpfs/gsfs12/users/Ziegelbauer_lab/circRNADetection/circRNA_daq_v0.4.2/samples_16/logs/11284991.11297295.venn.sample=G_INPUT-iSLK-R.out	/gpfs/gsfs12/users/Ziegelbauer_lab/circRNADetection/circRNA_daq_v0.4.2/samples_16/logs/11284991.11297295.venn.sample=G_INPUT-iSLK-R.err
1616629889	Wed_Mar_24_19:51:29_EDT_2021	11297338;COMPLETED;clear.sample=G_INPUT-iSLK-R	cn4487;ccr;cn4487;ccr	00:02:00;00:10:51;00:12:51;1-00:00:00	4;3;4	122880;729;122880	ccr;ccrcore	kopardevn;CCBR;goldsted	/gpfs/gsfs12/users/Ziegelbauer_lab/circRNADetection/circRNA_daq_v0.4.2/samples_16	/gpfs/gsfs12/users/Ziegelbauer_lab/circRNADetection/circRNA_daq_v0.4.2/samples_16/logs/11284991.11297338.clear.sample=G_INPUT-iSLK-R.out	/gpfs/gsfs12/users/Ziegelbauer_lab/circRNADetection/circRNA_daq_v0.4.2/samples_16/logs/11284991.11297338.clear.sample=G_INPUT-iSLK-R.err
1616629891	Wed_Mar_24_19:51:31_EDT_2021	11297342;COMPLETED;venn.sample=G_INPUT-293T-NT	cn4487;ccr;cn2404;ccr	00:01:58;00:00:07;00:02:05;04:00:00	2;;2	20480;;20480	ccr;ccrcore	kopardevn;CCBR;goldsted	/gpfs/gsfs12/users/Ziegelbauer_lab/circRNADetection/circRNA_daq_v0.4.2/samples_16	/gpfs/gsfs12/users/Ziegelbauer_lab/circRNADetection/circRNA_daq_v0.4.2/samples_16/logs/11284991.11297342.venn.sample=G_INPUT-293T-NT.out	/gpfs/gsfs12/users/Ziegelbauer_lab/circRNADetection/circRNA_daq_v0.4.2/samples_16/logs/11284991.11297342.venn.sample=G_INPUT-293T-NT.err
1616629892	Wed_Mar_24_19:51:32_EDT_2021	11297344;COMPLETED;clear.sample=G_INPUT-293T-NT	cn4487;ccr;cn2402;ccr	00:01:57;00:07:40;00:09:37;1-00:00:00	4;1;4	122880;752;122880	ccr;ccrcore	kopardevn;CCBR;goldsted	/gpfs/gsfs12/users/Ziegelbauer_lab/circRNADetection/circRNA_daq_v0.4.2/samples_16	/gpfs/gsfs12/users/Ziegelbauer_lab/circRNADetection/circRNA_daq_v0.4.2/samples_16/logs/11284991.11297344.clear.sample=G_INPUT-293T-NT.out	/gpfs/gsfs12/users/Ziegelbauer_lab/circRNADetection/circRNA_daq_v0.4.2/samples_16/logs/11284991.11297344.clear.sample=G_INPUT-293T-NT.err
1616629894	Wed_Mar_24_19:51:34_EDT_2021	11297346;COMPLETED;venn.sample=G_293t-NT	cn4487;ccr;cn2405;ccr	00:01:55;00:00:07;00:02:02;04:00:00	2;1;2	20480;23;20480	ccr;ccrcore	kopardevn;CCBR;goldsted	/gpfs/gsfs12/users/Ziegelbauer_lab/circRNADetection/circRNA_daq_v0.4.2/samples_16	/gpfs/gsfs12/users/Ziegelbauer_lab/circRNADetection/circRNA_daq_v0.4.2/samples_16/logs/11284991.11297346.venn.sample=G_293t-NT.out	/gpfs/gsfs12/users/Ziegelbauer_lab/circRNADetection/circRNA_daq_v0.4.2/samples_16/logs/11284991.11297346.venn.sample=G_293t-NT.err
1616629896	Wed_Mar_24_19:51:36_EDT_2021	11297347;COMPLETED;clear.sample=G_293t-NT	cn4487;ccr;cn2402;ccr	00:01:53;00:09:21;00:11:14;1-00:00:00	4;4;4	122880;2020;122880	ccr;ccrcore	kopardevn;CCBR;goldsted	/gpfs/gsfs12/users/Ziegelbauer_lab/circRNADetection/circRNA_daq_v0.4.2/samples_16	/gpfs/gsfs12/users/Ziegelbauer_lab/circRNADetection/circRNA_daq_v0.4.2/samples_16/logs/11284991.11297347.clear.sample=G_293t-NT.out	/gpfs/gsfs12/users/Ziegelbauer_lab/circRNADetection/circRNA_daq_v0.4.2/samples_16/logs/11284991.11297347.clear.sample=G_293t-NT.err
1616629897	Wed_Mar_24_19:51:37_EDT_2021	11297348;COMPLETED;clear.sample=G_iSLK-R	cn4487;ccr;cn2420;ccr	00:01:52;00:10:14;00:12:06;1-00:00:00	4;1;4	122880;927;122880	ccr;ccrcore	kopardevn;CCBR;goldsted	/gpfs/gsfs12/users/Ziegelbauer_lab/circRNADetection/circRNA_daq_v0.4.2/samples_16	/gpfs/gsfs12/users/Ziegelbauer_lab/circRNADetection/circRNA_daq_v0.4.2/samples_16/logs/11284991.11297348.clear.sample=G_iSLK-R.out	/gpfs/gsfs12/users/Ziegelbauer_lab/circRNADetection/circRNA_daq_v0.4.2/samples_16/logs/11284991.11297348.clear.sample=G_iSLK-R.err
1616629898	Wed_Mar_24_19:51:38_EDT_2021	11297349;COMPLETED;venn.sample=G_iSLK-R	cn4487;ccr;cn2405;ccr	00:01:51;00:00:07;00:01:58;04:00:00	2;1;2	20480;23;20480	ccr;ccrcore	kopardevn;CCBR;goldsted	/gpfs/gsfs12/users/Ziegelbauer_lab/circRNADetection/circRNA_daq_v0.4.2/samples_16	/gpfs/gsfs12/users/Ziegelbauer_lab/circRNADetection/circRNA_daq_v0.4.2/samples_16/logs/11284991.11297349.venn.sample=G_iSLK-R.out	/gpfs/gsfs12/users/Ziegelbauer_lab/circRNADetection/circRNA_daq_v0.4.2/samples_16/logs/11284991.11297349.venn.sample=G_iSLK-R.err
1616629900	Wed_Mar_24_19:51:40_EDT_2021	11297350;COMPLETED;create_circexplorer_count_matrix.	cn4487;ccr;cn2406;ccr	00:01:49;00:00:18;00:02:07;04:00:00	2;;2	20480;;20480	ccr;ccrcore	kopardevn;CCBR;goldsted	/gpfs/gsfs12/users/Ziegelbauer_lab/circRNADetection/circRNA_daq_v0.4.2/samples_16	/gpfs/gsfs12/users/Ziegelbauer_lab/circRNADetection/circRNA_daq_v0.4.2/samples_16/logs/11284991.11297350.create_circexplorer_count_matrix..out	/gpfs/gsfs12/users/Ziegelbauer_lab/circRNADetection/circRNA_daq_v0.4.2/samples_16/logs/11284991.11297350.create_circexplorer_count_matrix..err
1616630143	Wed_Mar_24_19:55:43_EDT_2021	11297568;COMPLETED;alignment_stats.sample=G_INPUT-iSLK-UR	cn4487;ccr;cn2303;ccr	00:01:08;00:36:45;00:37:53;04:00:00	2;5;2	20480;83;20480	ccr;ccrcore	kopardevn;CCBR;goldsted	/gpfs/gsfs12/users/Ziegelbauer_lab/circRNADetection/circRNA_daq_v0.4.2/samples_16	/gpfs/gsfs12/users/Ziegelbauer_lab/circRNADetection/circRNA_daq_v0.4.2/samples_16/logs/11284991.11297568.alignment_stats.sample=G_INPUT-iSLK-UR.out	/gpfs/gsfs12/users/Ziegelbauer_lab/circRNADetection/circRNA_daq_v0.4.2/samples_16/logs/11284991.11297568.alignment_stats.sample=G_INPUT-iSLK-UR.err
1616630144	Wed_Mar_24_19:55:44_EDT_2021	11297570;COMPLETED;split_splice_reads_BAM_create_BW.sample=G_INPUT-iSLK-UR	cn4487;ccr;cn2406;ccr	00:01:07;00:06:20;00:07:27;1-00:00:00	2;1;2	122880;1892;122880	ccr;ccrcore	kopardevn;CCBR;goldsted	/gpfs/gsfs12/users/Ziegelbauer_lab/circRNADetection/circRNA_daq_v0.4.2/samples_16	/gpfs/gsfs12/users/Ziegelbauer_lab/circRNADetection/circRNA_daq_v0.4.2/samples_16/logs/11284991.11297570.split_splice_reads_BAM_create_BW.sample=G_INPUT-iSLK-UR.out	/gpfs/gsfs12/users/Ziegelbauer_lab/circRNADetection/circRNA_daq_v0.4.2/samples_16/logs/11284991.11297570.split_splice_reads_BAM_create_BW.sample=G_INPUT-iSLK-UR.err
1616630145	Wed_Mar_24_19:55:45_EDT_2021	11297571;COMPLETED;split_splice_reads_BAM_create_BW.sample=G_INPUT-iSLK-R	cn4487;ccr;cn2346;ccr	00:01:06;00:06:09;00:07:15;1-00:00:00	2;1;2	122880;1944;122880	ccr;ccrcore	kopardevn;CCBR;goldsted	/gpfs/gsfs12/users/Ziegelbauer_lab/circRNADetection/circRNA_daq_v0.4.2/samples_16	/gpfs/gsfs12/users/Ziegelbauer_lab/circRNADetection/circRNA_daq_v0.4.2/samples_16/logs/11284991.11297571.split_splice_reads_BAM_create_BW.sample=G_INPUT-iSLK-R.out	/gpfs/gsfs12/users/Ziegelbauer_lab/circRNADetection/circRNA_daq_v0.4.2/samples_16/logs/11284991.11297571.split_splice_reads_BAM_create_BW.sample=G_INPUT-iSLK-R.err
1616630195	Wed_Mar_24_19:56:35_EDT_2021	11297578;COMPLETED;alignment_stats.sample=G_INPUT-293T-T	cn4487;ccr;cn2404;ccr	00:00:16;00:28:09;00:28:25;04:00:00	2;4;2	20480;80;20480	ccr;ccrcore	kopardevn;CCBR;goldsted	/gpfs/gsfs12/users/Ziegelbauer_lab/circRNADetection/circRNA_daq_v0.4.2/samples_16	/gpfs/gsfs12/users/Ziegelbauer_lab/circRNADetection/circRNA_daq_v0.4.2/samples_16/logs/11284991.11297578.alignment_stats.sample=G_INPUT-293T-T.out	/gpfs/gsfs12/users/Ziegelbauer_lab/circRNADetection/circRNA_daq_v0.4.2/samples_16/logs/11284991.11297578.alignment_stats.sample=G_INPUT-293T-T.err
1616630196	Wed_Mar_24_19:56:36_EDT_2021	11297580;COMPLETED;split_splice_reads_BAM_create_BW.sample=G_INPUT-293T-T	cn4487;ccr;cn4506;ccr	00:00:15;00:05:58;00:06:13;1-00:00:00	2;1;2	122880;1944;122880	ccr;ccrcore	kopardevn;CCBR;goldsted	/gpfs/gsfs12/users/Ziegelbauer_lab/circRNADetection/circRNA_daq_v0.4.2/samples_16	/gpfs/gsfs12/users/Ziegelbauer_lab/circRNADetection/circRNA_daq_v0.4.2/samples_16/logs/11284991.11297580.split_splice_reads_BAM_create_BW.sample=G_INPUT-293T-T.out	/gpfs/gsfs12/users/Ziegelbauer_lab/circRNADetection/circRNA_daq_v0.4.2/samples_16/logs/11284991.11297580.split_splice_reads_BAM_create_BW.sample=G_INPUT-293T-T.err
1616630407	Wed_Mar_24_20:00:07_EDT_2021	11297999;COMPLETED;split_BAM_create_BW.sample=G_INPUT-293T-NT	cn4487;ccr;cn2429;ccr	00:01:16;00:05:31;00:06:47;04:00:00	2;1;2	20480;1892;20480	ccr;ccrcore	kopardevn;CCBR;goldsted	/gpfs/gsfs12/users/Ziegelbauer_lab/circRNADetection/circRNA_daq_v0.4.2/samples_16	/gpfs/gsfs12/users/Ziegelbauer_lab/circRNADetection/circRNA_daq_v0.4.2/samples_16/logs/11284991.11297999.split_BAM_create_BW.sample=G_INPUT-293T-NT.out	/gpfs/gsfs12/users/Ziegelbauer_lab/circRNADetection/circRNA_daq_v0.4.2/samples_16/logs/11284991.11297999.split_BAM_create_BW.sample=G_INPUT-293T-NT.err
1616630417	Wed_Mar_24_20:00:17_EDT_2021	11298001;COMPLETED;split_BAM_create_BW.sample=G_INPUT-iSLK-R	cn4487;ccr;cn2429;ccr	00:01:06;00:05:31;00:06:37;04:00:00	2;1;2	20480;1892;20480	ccr;ccrcore	kopardevn;CCBR;goldsted	/gpfs/gsfs12/users/Ziegelbauer_lab/circRNADetection/circRNA_daq_v0.4.2/samples_16	/gpfs/gsfs12/users/Ziegelbauer_lab/circRNADetection/circRNA_daq_v0.4.2/samples_16/logs/11284991.11298001.split_BAM_create_BW.sample=G_INPUT-iSLK-R.out	/gpfs/gsfs12/users/Ziegelbauer_lab/circRNADetection/circRNA_daq_v0.4.2/samples_16/logs/11284991.11298001.split_BAM_create_BW.sample=G_INPUT-iSLK-R.err
1616630418	Wed_Mar_24_20:00:18_EDT_2021	11298002;COMPLETED;alignment_stats.sample=G_INPUT-iSLK-R	cn4487;ccr;cn2429;ccr	00:01:05;00:38:11;00:39:16;04:00:00	2;5;2	20480;80;20480	ccr;ccrcore	kopardevn;CCBR;goldsted	/gpfs/gsfs12/users/Ziegelbauer_lab/circRNADetection/circRNA_daq_v0.4.2/samples_16	/gpfs/gsfs12/users/Ziegelbauer_lab/circRNADetection/circRNA_daq_v0.4.2/samples_16/logs/11284991.11298002.alignment_stats.sample=G_INPUT-iSLK-R.out	/gpfs/gsfs12/users/Ziegelbauer_lab/circRNADetection/circRNA_daq_v0.4.2/samples_16/logs/11284991.11298002.alignment_stats.sample=G_INPUT-iSLK-R.err
1616630477	Wed_Mar_24_20:01:17_EDT_2021	11298020;COMPLETED;alignment_stats.sample=G_INPUT-293T-NT	cn4487;ccr;cn2429;ccr	00:00:06;00:37:05;00:37:11;04:00:00	2;6;2	20480;81;20480	ccr;ccrcore	kopardevn;CCBR;goldsted	/gpfs/gsfs12/users/Ziegelbauer_lab/circRNADetection/circRNA_daq_v0.4.2/samples_16	/gpfs/gsfs12/users/Ziegelbauer_lab/circRNADetection/circRNA_daq_v0.4.2/samples_16/logs/11284991.11298020.alignment_stats.sample=G_INPUT-293T-NT.out	/gpfs/gsfs12/users/Ziegelbauer_lab/circRNADetection/circRNA_daq_v0.4.2/samples_16/logs/11284991.11298020.alignment_stats.sample=G_INPUT-293T-NT.err
1616630479	Wed_Mar_24_20:01:19_EDT_2021	11298021;COMPLETED;split_splice_reads_BAM_create_BW.sample=G_INPUT-293T-NT	cn4487;ccr;cn2292;ccr	00:00:04;00:06:14;00:06:18;1-00:00:00	2;3;2	122880;1006;122880	ccr;ccrcore	kopardevn;CCBR;goldsted	/gpfs/gsfs12/users/Ziegelbauer_lab/circRNADetection/circRNA_daq_v0.4.2/samples_16	/gpfs/gsfs12/users/Ziegelbauer_lab/circRNADetection/circRNA_daq_v0.4.2/samples_16/logs/11284991.11298021.split_splice_reads_BAM_create_BW.sample=G_INPUT-293T-NT.out	/gpfs/gsfs12/users/Ziegelbauer_lab/circRNADetection/circRNA_daq_v0.4.2/samples_16/logs/11284991.11298021.split_splice_reads_BAM_create_BW.sample=G_INPUT-293T-NT.err
1616630526	Wed_Mar_24_20:02:06_EDT_2021	11298034;COMPLETED;split_BAM_create_BW.sample=G_293t-NT	cn4487;ccr;cn2429;ccr	00:01:27;00:05:28;00:06:55;04:00:00	2;1;2	20480;1629;20480	ccr;ccrcore	kopardevn;CCBR;goldsted	/gpfs/gsfs12/users/Ziegelbauer_lab/circRNADetection/circRNA_daq_v0.4.2/samples_16	/gpfs/gsfs12/users/Ziegelbauer_lab/circRNADetection/circRNA_daq_v0.4.2/samples_16/logs/11284991.11298034.split_BAM_create_BW.sample=G_293t-NT.out	/gpfs/gsfs12/users/Ziegelbauer_lab/circRNADetection/circRNA_daq_v0.4.2/samples_16/logs/11284991.11298034.split_BAM_create_BW.sample=G_293t-NT.err
1616630538	Wed_Mar_24_20:02:18_EDT_2021	11298035;COMPLETED;split_splice_reads_BAM_create_BW.sample=G_293T-T	cn4487;ccr;cn2333;ccr	00:01:15;00:05:38;00:06:53;1-00:00:00	2;1;2	122880;1892;122880	ccr;ccrcore	kopardevn;CCBR;goldsted	/gpfs/gsfs12/users/Ziegelbauer_lab/circRNADetection/circRNA_daq_v0.4.2/samples_16	/gpfs/gsfs12/users/Ziegelbauer_lab/circRNADetection/circRNA_daq_v0.4.2/samples_16/logs/11284991.11298035.split_splice_reads_BAM_create_BW.sample=G_293T-T.out	/gpfs/gsfs12/users/Ziegelbauer_lab/circRNADetection/circRNA_daq_v0.4.2/samples_16/logs/11284991.11298035.split_splice_reads_BAM_create_BW.sample=G_293T-T.err
1616630539	Wed_Mar_24_20:02:19_EDT_2021	11298036;COMPLETED;alignment_stats.sample=G_293T-T	cn4487;ccr;cn2404;ccr	00:01:14;00:27:45;00:28:59;04:00:00	2;5;2	20480;80;20480	ccr;ccrcore	kopardevn;CCBR;goldsted	/gpfs/gsfs12/users/Ziegelbauer_lab/circRNADetection/circRNA_daq_v0.4.2/samples_16	/gpfs/gsfs12/users/Ziegelbauer_lab/circRNADetection/circRNA_daq_v0.4.2/samples_16/logs/11284991.11298036.alignment_stats.sample=G_293T-T.out	/gpfs/gsfs12/users/Ziegelbauer_lab/circRNADetection/circRNA_daq_v0.4.2/samples_16/logs/11284991.11298036.alignment_stats.sample=G_293T-T.err
1616630778	Wed_Mar_24_20:06:18_EDT_2021	11298116;COMPLETED;split_BAM_create_BW.sample=G_iSLK-R	cn4487;ccr;cn2429;ccr	00:01:03;00:05:28;00:06:31;04:00:00	2;1;2	20480;1158;20480	ccr;ccrcore	kopardevn;CCBR;goldsted	/gpfs/gsfs12/users/Ziegelbauer_lab/circRNADetection/circRNA_daq_v0.4.2/samples_16	/gpfs/gsfs12/users/Ziegelbauer_lab/circRNADetection/circRNA_daq_v0.4.2/samples_16/logs/11284991.11298116.split_BAM_create_BW.sample=G_iSLK-R.out	/gpfs/gsfs12/users/Ziegelbauer_lab/circRNADetection/circRNA_daq_v0.4.2/samples_16/logs/11284991.11298116.split_BAM_create_BW.sample=G_iSLK-R.err
1616631157	Wed_Mar_24_20:12:37_EDT_2021	11298165;COMPLETED;alignment_stats.sample=G_iSLK-R	cn4487;ccr;cn2429;ccr	00:02:02;00:44:07;00:46:09;04:00:00	2;6;2	20480;80;20480	ccr;ccrcore	kopardevn;CCBR;goldsted	/gpfs/gsfs12/users/Ziegelbauer_lab/circRNADetection/circRNA_daq_v0.4.2/samples_16	/gpfs/gsfs12/users/Ziegelbauer_lab/circRNADetection/circRNA_daq_v0.4.2/samples_16/logs/11284991.11298165.alignment_stats.sample=G_iSLK-R.out	/gpfs/gsfs12/users/Ziegelbauer_lab/circRNADetection/circRNA_daq_v0.4.2/samples_16/logs/11284991.11298165.alignment_stats.sample=G_iSLK-R.err
1616631158	Wed_Mar_24_20:12:38_EDT_2021	11298166;COMPLETED;split_splice_reads_BAM_create_BW.sample=G_iSLK-R	cn4487;ccr;cn2429;ccr	00:02:01;00:05:54;00:07:55;1-00:00:00	2;3;2	122880;1665;122880	ccr;ccrcore	kopardevn;CCBR;goldsted	/gpfs/gsfs12/users/Ziegelbauer_lab/circRNADetection/circRNA_daq_v0.4.2/samples_16	/gpfs/gsfs12/users/Ziegelbauer_lab/circRNADetection/circRNA_daq_v0.4.2/samples_16/logs/11284991.11298166.split_splice_reads_BAM_create_BW.sample=G_iSLK-R.out	/gpfs/gsfs12/users/Ziegelbauer_lab/circRNADetection/circRNA_daq_v0.4.2/samples_16/logs/11284991.11298166.split_splice_reads_BAM_create_BW.sample=G_iSLK-R.err
1616631627	Wed_Mar_24_20:20:27_EDT_2021	11298338;COMPLETED;alignment_stats.sample=G_293t-NT	cn4487;ccr;cn2429;ccr	00:02:24;00:42:24;00:44:48;04:00:00	2;6;2	20480;80;20480	ccr;ccrcore	kopardevn;CCBR;goldsted	/gpfs/gsfs12/users/Ziegelbauer_lab/circRNADetection/circRNA_daq_v0.4.2/samples_16	/gpfs/gsfs12/users/Ziegelbauer_lab/circRNADetection/circRNA_daq_v0.4.2/samples_16/logs/11284991.11298338.alignment_stats.sample=G_293t-NT.out	/gpfs/gsfs12/users/Ziegelbauer_lab/circRNADetection/circRNA_daq_v0.4.2/samples_16/logs/11284991.11298338.alignment_stats.sample=G_293t-NT.err
1616631628	Wed_Mar_24_20:20:28_EDT_2021	11298339;COMPLETED;split_splice_reads_BAM_create_BW.sample=G_293t-NT	cn4487;ccr;cn2429;ccr	00:02:23;00:06:08;00:08:31;1-00:00:00	2;1;2	122880;1429;122880	ccr;ccrcore	kopardevn;CCBR;goldsted	/gpfs/gsfs12/users/Ziegelbauer_lab/circRNADetection/circRNA_daq_v0.4.2/samples_16	/gpfs/gsfs12/users/Ziegelbauer_lab/circRNADetection/circRNA_daq_v0.4.2/samples_16/logs/11284991.11298339.split_splice_reads_BAM_create_BW.sample=G_293t-NT.out	/gpfs/gsfs12/users/Ziegelbauer_lab/circRNADetection/circRNA_daq_v0.4.2/samples_16/logs/11284991.11298339.split_splice_reads_BAM_create_BW.sample=G_293t-NT.err
